Collection Name,Open Enzymes Collection,,Blue = Do not change; Green = free text,,,,,,,,,
Authors,Open Bioeconomy Lab,,,,,,,,,,,
,,,,,,,,,,,,
Collection Description,,,,,,,,,,,,
"The Open Enzyme Collection consists of 81 genes for enzymes that are ""workhorses"" of molecular biology, including DNA polymerases, RNA polymerases, DNA ligases, reverse transcriptases and restriction enzymes. The enzymes are useful in both basic and applied fields as diverse as genomics, diagnostics, biodiversity, synthetic biology, DNA origami, immunology, biochemistry and more.

The foundational technologies enabled by this collection of include polymerase chain reaction (PCR), cloning, isothermal amplification, reverse transcription of RNA into DNA, and dNTP synthesis. Additionally, the Open Enzyme collection contains enzyme genes for fixing damaged and degraded DNA prior to amplification, enzymes for cutting protein sequences to remove unwanted parts, and DNA-binding proteins that can be fused with other enzymes to improve functionality.

The Open Bioeconomy Lab designed and codon-optimized the Open Enzymes parts for expression in Escherichia coli bacteria. All enzymes are obtained from expired patents or for various reasons are not encumbered by patent rights. (copied directly from https://stanford.freegenes.org/collections/open-genes/products/openenzyme#description)",,,,,,,,,,,,
,,,,,,,,,,,,
Example Data,,,,,,,,,,,,
J23101,Promoter,High consitutive promoter from Anderson library,,,iGEM registry,J23101,,Escherichia coli,False,False,0,
pRO1600,Engineered Region,Designed with a high GC content for higher melting points,,plasmid used to test promoter strength in  E coli,SEVA,pSEVA247Y,Aequorea victoria,Escherichia coli,True,True,1279,GTGAAAGGCAGGCCGGTCCGTGGTGGCCACGGCCTCTAGGCCAGATCCAGCGGCATCTGGGTTAGTCGAGCGCGGGCCGCTTCCCATGTCTCACCAGGGCGAGCCTGTTTCGCGATCTCAGCATCTGAAATCTTCCCGGCCTTGCGCTTCGCTGGGGCCTTACCCACCGCCTTGGCGGGCTTCTTCGGTCCAAAACTGAACAACAGATGTGTGACCTTGCGCCCGGTCTTTCGCTGCGCCCACTCCACCTGTAGCGGGCTGTGCTCGTTGATCTGCGTCACGGCTGGATCAAGCACTCGCAACTTGAAGTCCTTGATCGAGGGATACCGGCCTTCCAGTTGAAACCACTTTCGCAGCTGGTCAATTTCTATTTCGCGCTGGCCGATGCTGTCCCATTGCATGAGCAGCTCGTAAAGCCTGATCGCGTGGGTGCTGTCCATCTTGGCCACGTCAGCCAAGGCGTATTTGGTGAACTGTTTGGTGAGTTCCGTCAGGTACGGCAGCATGTCTTTGGTGAACCTGAGTTCTACACGGCCCTCACCCTCCCGGTAGATGATTGTTTGCACCCAGCCGGTAATCATCACACTCGGTCTTTTCCCCTTGCCATTGGGCTCTTGGGTTAACCGGACTTCCCGCCGTTTCAGGCGCAGGGCCGCTTCTTTGAGCTGGTTGTAGGAAGATTCGATAGGGACACCCGCCATCGTCGCTATGTCCTCCGCCGTCACTGAATACATCACTTCATCGGTGACAGGCTCGCTCCTCTTCACCTGGCTAATACAGGCCAGAACGATCCGCTGTTCCTGAACACTGAGGCGATACGCGGCCTCGACCAGGGCATTGCTTTTGTAAACCATTGGGGGTGAGGCCACGTTCGACATTCCTTGTGTATAAGGGGACACTGTATCTGCGTCCCACAATACAACAAATCCGTCCCTTTACAACAACAAATCCGTCCCTTCTTAACAACAAATCCGTCCCTTAATGGCAACAAATCCGTCCCTTTTTAAACTCTACAGGCCACGGATTACGTGGCCTGTAGACGTCCTAAAAGGTTTAAAAGGGAAAAGGAAGAAAAGGGTGGAAACGCAAAAAACGCACCACTACGTGGCCCCGTTGGGGCCGCATTTGTGCCCCTGAAGGGGCGGGGGAGGCGTCTGGGCAATCCCCGTTTTACCAGTCCCCTATCGCCGCCTGAGAGGGCGCAGGAAGCGAGTAATCAGGGTATCGAGGCGGATTCACCCTTGGCGTCCAACCAGCGGCACCAGCGGCGCCTGAGAGG
,,,,,,,,,,,,
,Blue text column headers are optional,,,,,,,,,,,
DNA Parts and Devices,Click on column headers for more information as to what to put into the column,,,,,,,,,,,
"Short and human friendly name for the part, e.g., ""GFP Reporter""",This is the role of the part according to the sequence ontology (see Ontology tab for full list). Select from the drop down menu or type have it validated.,Comments about design decisions. E.g. GC content or restriction sites removed,"If no changes were made use Direct, otherwise say changes that were made (can choose for drop down menu)",A description of how the part is meant to function and any information about the part that is not to do with how it was designed.,Where is the information about this part coming from? Provide a tag and e.g. AG for an Addgene plasmid. Tags found in the Source Sheet,Where is the information about this part coming from? Provide a te.g. 87906 for an Addgene plasmid. This is interpreted together with the column to the left,"Where is the genetic information coming from, e.g. gene taken from Aequorea victoria if available add in strain name too. This should match the scientific name for the txid in the next column","Where will the part be used, e.g. construct for use in Escherichia coli 98NK2. Where available include the strain name. This should match the scientific name for the txid in the next column","True if this is a final product to be produced, false if this is an intermediate stage being specified for compactness",Whether or not the part is circular. Select TRUE (circular) or FALSE (linear).,Automatically calculated length of the sequence pasted to the right. Use this column for checking there are no paste errors.,The series of ATGCs that make up the part. Spaces can be used within the sequence but no other characters.
Part Name,Role,Design Notes,Altered Sequence,Part Description,Data Source Prefix,Data Source ID,Source Organism,Target Organism,Final Product,Circular,length (bp),Sequence
9N7polA,CDS,Taken from Open Ezymes Collection at FreeGenes,Direct,9°N-7 DNA polymerase,Local Sequence File,BBF10K_003247.gb,,Escherichia coli,False,True,0,
K12polLF,CDS,Taken from Open Ezymes Collection at FreeGenes,Direct,"DNA Polymerase I, Large (Klenow) Fragment",Local Sequence File,BBF10K_003248.gb,,Escherichia coli,False,True,0,
K12polLF (exo),CDS,Taken from Open Ezymes Collection at FreeGenes,Direct,"DNA Polymerase I, Large (Klenow) Fragment (3′→5′ exo-)",Local Sequence File,BBF10K_003249.gb,,Escherichia coli,False,True,0,
ECOpolA,CDS,Taken from Open Ezymes Collection at FreeGenes,Direct,E. coli DNA Polymerase I,Local Sequence File,BBF10K_003250.gb,,Escherichia coli,False,True,0,
KTHEAQpol,CDS,Taken from Open Ezymes Collection at FreeGenes,Direct,KlenTaq1 polymerase,Local Sequence File,BBF10K_003251.gb,,Escherichia coli,False,True,0,
KODpol,CDS,Taken from Open Ezymes Collection at FreeGenes,Direct,KOD DNA polymerase,Local Sequence File,BBF10K_003252.gb,,Escherichia coli,False,True,0,
Pfupol,CDS,Taken from Open Ezymes Collection at FreeGenes,Direct,Pfu DNA Polymerase,Local Sequence File,BBF10K_003253.gb,,Escherichia coli,False,True,0,
Pwopol,CDS,Taken from Open Ezymes Collection at FreeGenes,Direct,Pwo DNA Polymerase,Local Sequence File,BBF10K_003254.gb,,Escherichia coli,False,True,0,
GBDpol (exo),CDS,Taken from Open Ezymes Collection at FreeGenes,Direct,"Pyrococcus Sp. Heat-Stable (exo–) DNA Polymerase
(Deep Vent™ (exo–) DNA Polymerase at NEB)",Local Sequence File,BBF10K_003255.gb,,Escherichia coli,False,True,0,
GBDpol,CDS,Taken from Open Ezymes Collection at FreeGenes,Direct,"Pyrococcus Sp. Heat-Stable DNA Polymerase 
(Deep Vent™ at NEB)",Local Sequence File,BBF10K_003256.gb,,Escherichia coli,False,True,0,
THEAQpolA,CDS,Taken from Open Ezymes Collection at FreeGenes,Direct,Taq DNA Polymerase,Local Sequence File,BBF10K_003257.gb,,Escherichia coli,False,True,0,
Tlipol,CDS,Taken from Open Ezymes Collection at FreeGenes,Direct,"Tli DNA polymerase
(available from NEB as VentR® DNA Polymerase)",Local Sequence File,BBF10K_003258.gb,,Escherichia coli,False,True,0,
Tlipol (exo),CDS,Taken from Open Ezymes Collection at FreeGenes,Direct,"Tli DNA polymerase (exo-)
(available from NEB as VentR® (exo-) DNA Polymerase)",Local Sequence File,BBF10K_003259.gb,,Escherichia coli,False,True,0,
TthpolA,CDS,Taken from Open Ezymes Collection at FreeGenes,Direct,Tth DNA polymerase,Local Sequence File,BBF10K_003260.gb,,Escherichia coli,False,True,0,
Bstpol,CDS,Taken from Open Ezymes Collection at FreeGenes,Direct,"Bst DNA Polymerase, Full Length",Local Sequence File,BBF10K_003261.gb,,Escherichia coli,False,True,0,
BstpolLF,CDS,Taken from Open Ezymes Collection at FreeGenes,Direct,"Bst DNA Polymerase, Large Fragment",Local Sequence File,BBF10K_003262.gb,,Escherichia coli,False,True,0,
BsupolLF,CDS,Taken from Open Ezymes Collection at FreeGenes,Direct,"Bsu DNA Polymerase I, Large Fragment",Local Sequence File,BBF10K_003263.gb,,Escherichia coli,False,True,0,
phi29pol,CDS,Taken from Open Ezymes Collection at FreeGenes,Direct,phi29 DNA Polymerase,Local Sequence File,BBF10K_003264.gb,,Escherichia coli,False,True,0,
9N7polA (CT),CDS,Taken from Open Ezymes Collection at FreeGenes,Direct,9°N-7 DNA Polymerase chain terminating (NEB > Therminator DNA Pol),Local Sequence File,BBF10K_003265.gb,,Escherichia coli,False,True,0,
dbh,CDS,Taken from Open Ezymes Collection at FreeGenes,Direct,Sulfolobus DNA Polymerase IV,Local Sequence File,BBF10K_003266.gb,,Escherichia coli,False,True,0,
T4gene43,CDS,Taken from Open Ezymes Collection at FreeGenes,Direct,T4 DNA Polymerase,Local Sequence File,BBF10K_003267.gb,,Escherichia coli,False,True,0,
T7gene5,CDS,Taken from Open Ezymes Collection at FreeGenes,Direct,T7 DNA Polymerase (unmodified),Local Sequence File,BBF10K_003268.gb,,Escherichia coli,False,True,0,
T5gene122,CDS,Taken from Open Ezymes Collection at FreeGenes,Direct,T5 DNA Polymerase,Local Sequence File,BBF10K_003269.gb,,Escherichia coli,False,True,0,
T4gene30,CDS,Taken from Open Ezymes Collection at FreeGenes,Direct,T4-DNA Ligase,Local Sequence File,BBF10K_003270.gb,,Escherichia coli,False,True,0,
ECOligA,CDS,Taken from Open Ezymes Collection at FreeGenes,Direct,E. coli DNA Ligase,Local Sequence File,BBF10K_003271.gb,,Escherichia coli,False,True,0,
HSlig3,CDS,Taken from Open Ezymes Collection at FreeGenes,Direct,DNA Lligase III,Local Sequence File,BBF10K_003272.gb,,Escherichia coli,False,True,0,
HSlig4,CDS,Taken from Open Ezymes Collection at FreeGenes,Direct,DNA Ligase IV,Local Sequence File,BBF10K_003273.gb,,Escherichia coli,False,True,0,
9N7lig,CDS,Taken from Open Ezymes Collection at FreeGenes,Direct,9 Degrees North DNA Ligase,Local Sequence File,BBF10K_003274.gb,,Escherichia coli,False,True,0,
Pfulig,CDS,Taken from Open Ezymes Collection at FreeGenes,Direct,Pfu DNA Ligase,Local Sequence File,BBF10K_003275.gb,,Escherichia coli,False,True,0,
THEAQlig,CDS,Taken from Open Ezymes Collection at FreeGenes,Direct,Taq DNA Ligase,Local Sequence File,BBF10K_003276.gb,,Escherichia coli,False,True,0,
T4gene63,CDS,Taken from Open Ezymes Collection at FreeGenes,Direct,T4 RNA Ligase 1,Local Sequence File,BBF10K_003277.gb,,Escherichia coli,False,True,0,
ALPI,CDS,Taken from Open Ezymes Collection at FreeGenes,Direct,CIP (calf intestinal phosphatase),Local Sequence File,BBF10K_003278.gb,,Escherichia coli,False,True,0,
RNAse A,CDS,Taken from Open Ezymes Collection at FreeGenes,Direct,RNAse A,Local Sequence File,BBF10K_003279.gb,,Escherichia coli,False,True,0,
RNAse H,CDS,Taken from Open Ezymes Collection at FreeGenes,Direct,RNAse H,Local Sequence File,BBF10K_003280.gb,,Escherichia coli,False,True,0,
EcoRIR,CDS,Taken from Open Ezymes Collection at FreeGenes,Direct,EcoRI restriction enzyme,Local Sequence File,BBF10K_003281.gb,,Escherichia coli,False,True,0,
EcoRIM,CDS,Taken from Open Ezymes Collection at FreeGenes,Direct,EcoRI methyltransferase,Local Sequence File,BBF10K_003282.gb,,Escherichia coli,False,True,0,
PstIR,CDS,Taken from Open Ezymes Collection at FreeGenes,Direct,PstI restriction enzyme,Local Sequence File,BBF10K_003283.gb,,Escherichia coli,False,True,0,
PstIM,CDS,Taken from Open Ezymes Collection at FreeGenes,Direct,PstI methyltransferase,Local Sequence File,BBF10K_003284.gb,,Escherichia coli,False,True,0,
MMLV_RT (mut H),CDS,Taken from Open Ezymes Collection at FreeGenes,Direct,Moloney Murine Leukemia Virus (MMLV) Reverse Transcriptase (RNAse H deactivated by 3 mutations),Local Sequence File,BBF10K_003285.gb,,Escherichia coli,False,True,0,
MMLV_RT (lack H),CDS,Taken from Open Ezymes Collection at FreeGenes,Direct,Moloney Murine Leukemia Virus (MMLV) Reverse Transcriptase RNaseH - (lacking RNaseH domain) (SuperScriptII),Local Sequence File,BBF10K_003286.gb,,Escherichia coli,False,True,0,
TthRT,CDS,Taken from Open Ezymes Collection at FreeGenes,Direct,Thermus thermophilus (Tth) RT,Local Sequence File,BBF10K_003287.gb,,Escherichia coli,False,True,0,
RTX,CDS,Taken from Open Ezymes Collection at FreeGenes,Direct,RTX thermostable reverse transcriptase / DNA polymerase,Local Sequence File,BBF10K_003288.gb,,Escherichia coli,False,True,0,
T3RNAp,CDS,Taken from Open Ezymes Collection at FreeGenes,Direct,T3 RNA Polymerase,Local Sequence File,BBF10K_003289.gb,,Escherichia coli,False,True,0,
T7RNAp,CDS,Taken from Open Ezymes Collection at FreeGenes,Direct,T7 RNA Polymerase,Local Sequence File,BBF10K_003290.gb,,Escherichia coli,False,True,0,
SP6RNAp,CDS,Taken from Open Ezymes Collection at FreeGenes,Direct,SP6 RNA Polymerase,Local Sequence File,BBF10K_003291.gb,,Escherichia coli,False,True,0,
Eco31I,CDS,Taken from Open Ezymes Collection at FreeGenes,Direct,Eco31I restriction enzyme,Local Sequence File,BBF10K_003292.gb,,Escherichia coli,False,True,0,
Eco31IA,CDS,Taken from Open Ezymes Collection at FreeGenes,Direct,Eco31IA methyltransferase,Local Sequence File,BBF10K_003293.gb,,Escherichia coli,False,True,0,
Eco31IB,CDS,Taken from Open Ezymes Collection at FreeGenes,Direct,Eco31IB methyltransferase,Local Sequence File,BBF10K_003294.gb,,Escherichia coli,False,True,0,
SapIR,CDS,Taken from Open Ezymes Collection at FreeGenes,Direct,SapI restriction enzyme,Local Sequence File,BBF10K_003295.gb,,Escherichia coli,False,True,0,
SapIM1,CDS,Taken from Open Ezymes Collection at FreeGenes,Direct,M1.SapI methyltransferase,Local Sequence File,BBF10K_003296.gb,,Escherichia coli,False,True,0,
SapIM2,CDS,Taken from Open Ezymes Collection at FreeGenes,Direct,M2.SapI methyltransferase,Local Sequence File,BBF10K_003297.gb,,Escherichia coli,False,True,0,
XbaIR,CDS,Taken from Open Ezymes Collection at FreeGenes,Direct,XbaI restriction enzyme,Local Sequence File,BBF10K_003298.gb,,Escherichia coli,False,True,0,
XbaIM,CDS,Taken from Open Ezymes Collection at FreeGenes,Direct,M.XbaI methyltransferase,Local Sequence File,BBF10K_003299.gb,,Escherichia coli,False,True,0,
NotIR (GC),CDS,Taken from Open Ezymes Collection at FreeGenes,Direct,NotI restriction enzyme,Local Sequence File,BBF10K_003300.gb,,Escherichia coli,False,True,0,
NotIM,CDS,Taken from Open Ezymes Collection at FreeGenes,Direct,M.NotI methyltransferase,Local Sequence File,BBF10K_003301.gb,,Escherichia coli,False,True,0,
SfiIR (cDNA),CDS,Taken from Open Ezymes Collection at FreeGenes,Direct,SfiI (used to create cDNA libraries),Local Sequence File,BBF10K_003302.gb,,Escherichia coli,False,True,0,
SfiIM,CDS,Taken from Open Ezymes Collection at FreeGenes,Direct,M.SfiI methyltransferase,Local Sequence File,BBF10K_003303.gb,,Escherichia coli,False,True,0,
EcoRV,CDS,Taken from Open Ezymes Collection at FreeGenes,Direct,EcoRV restriction enzyme,Local Sequence File,BBF10K_003304.gb,,Escherichia coli,False,True,0,
EcoRVM,CDS,Taken from Open Ezymes Collection at FreeGenes,Direct,M.EcoRV methyltransferase,Local Sequence File,BBF10K_003305.gb,,Escherichia coli,False,True,0,
NcoIR,CDS,Taken from Open Ezymes Collection at FreeGenes,Direct,NcoI restriction enzyme,Local Sequence File,BBF10K_003306.gb,,Escherichia coli,False,True,0,
NcoIM,CDS,Taken from Open Ezymes Collection at FreeGenes,Direct,M.NcoI methyltransferase,Local Sequence File,BBF10K_003307.gb,,Escherichia coli,False,True,0,
HindIIIR,CDS,Taken from Open Ezymes Collection at FreeGenes,Direct,HindIII restriction enzyme,Local Sequence File,BBF10K_003308.gb,,Escherichia coli,False,True,0,
HindIIIM,CDS,Taken from Open Ezymes Collection at FreeGenes,Direct,M.HindIII methyltransferase,Local Sequence File,BBF10K_003309.gb,,Escherichia coli,False,True,0,
DpnIR,CDS,Taken from Open Ezymes Collection at FreeGenes,Direct,DpnI restriction enzyme,Local Sequence File,BBF10K_003310.gb,,Escherichia coli,False,True,0,
Bst HF,CDS,Taken from Open Ezymes Collection at FreeGenes,Direct,"Bst polymerase, High fidelity",Local Sequence File,BBF10K_003311.gb,,Escherichia coli,False,True,0,
ETSSB,CDS,Taken from Open Ezymes Collection at FreeGenes,Direct,Extreme Thermostable Single-Stranded DNA Binding Protein,Local Sequence File,BBF10K_003312.gb,,Escherichia coli,False,True,0,
T5gene12/13,CDS,Taken from Open Ezymes Collection at FreeGenes,Direct,T5 Exonuclease,Local Sequence File,BBF10K_003313.gb,,Escherichia coli,False,True,0,
TthligK294R,CDS,Taken from Open Ezymes Collection at FreeGenes,Direct,Tth DNA Ligase K294R,Local Sequence File,BBF10K_003314.gb,,Escherichia coli,False,True,0,
dromedNK,CDS,Taken from Open Ezymes Collection at FreeGenes,Direct,dNK from drosophila,Local Sequence File,BBF10K_003315.gb,,Escherichia coli,False,True,0,
TEV protease,CDS,Taken from Open Ezymes Collection at FreeGenes,Direct,TEV protease,Local Sequence File,BBF10K_003316.gb,,Escherichia coli,False,True,0,
T4 PNK,CDS,Taken from Open Ezymes Collection at FreeGenes,Direct,T4 Polynucleotide Kinase,Local Sequence File,BBF10K_003317.gb,,Escherichia coli,False,True,0,
T4-BGT,CDS,Taken from Open Ezymes Collection at FreeGenes,Direct,T4 Phage β-glucosyltransferase,Local Sequence File,BBF10K_003318.gb,,Escherichia coli,False,True,0,
T7EI,CDS,Taken from Open Ezymes Collection at FreeGenes,Direct,T7EI (T7 Endonuclease I),Local Sequence File,BBF10K_003319.gb,,Escherichia coli,False,True,0,
T4 PGD,CDS,Taken from Open Ezymes Collection at FreeGenes,Direct,T4 PGD (T4 Endonuclease V),Local Sequence File,BBF10K_003320.gb,,Escherichia coli,False,True,0,
T4 g32,CDS,Taken from Open Ezymes Collection at FreeGenes,Direct,T4 gene 32,Local Sequence File,BBF10K_003321.gb,,Escherichia coli,False,True,0,
P45,CDS,Taken from Open Ezymes Collection at FreeGenes,Direct,P45 (ArchaeMaxx/PfuTurbo),Local Sequence File,BBF10K_003322.gb,,Escherichia coli,False,True,0,
BovDNTT,CDS,Taken from Open Ezymes Collection at FreeGenes,Direct,Bovine DNTT,Local Sequence File,BBF10K_003323.gb,,Escherichia coli,False,True,0,
DNA Topoisomerase 1B Vaccinia Virus,CDS,Taken from Open Ezymes Collection at FreeGenes,Direct,DNA Topoisomerase 1B Vaccinia Virus,Local Sequence File,BBF10K_003324.gb,,Escherichia coli,False,True,0,
lambda red operon,CDS,Taken from Open Ezymes Collection at FreeGenes,Direct,"lambda red operon (exo, bet, gam)",Local Sequence File,BBF10K_003325.gb,,Escherichia coli,False,True,0,
UDG,CDS,Taken from Open Ezymes Collection at FreeGenes,Direct,Uracil DNA glycosylase,Local Sequence File,BBF10K_003326.gb,,Escherichia coli,False,True,0,
Fpg,CDS,Taken from Open Ezymes Collection at FreeGenes,Direct,Formamidopyrimidine DNA Glycosylase,Local Sequence File,BBF10K_003327.gb,,Escherichia coli,False,True,0,
Endonuclease IV E. coli,CDS,Taken from Open Ezymes Collection at FreeGenes,Direct,Endonuclease IV E. coli,Local Sequence File,BBF10K_003328.gb,,Escherichia coli,False,True,0,
Endonuclease VIII E. coli,CDS,Taken from Open Ezymes Collection at FreeGenes,Direct,Endonuclease VIII E. coli,Local Sequence File,BBF10K_003329.gb,,Escherichia coli,False,True,0,
Exonuclease III E. coli,CDS,Taken from Open Ezymes Collection at FreeGenes,Direct,Exonuclease III E. coli,Local Sequence File,BBF10K_003330.gb,,Escherichia coli,False,True,0,
,,,,,,,,,False,False,0,
,,,,,,,,,False,False,0,
,,,,,,,,,False,False,0,
,,,,,,,,,False,False,0,
,,,,,,,,,False,False,0,
,,,,,,,,,False,False,0,
,,,,,,,,,False,False,0,
,,,,,,,,,False,False,0,
,,,,,,,,,False,False,0,
,,,,,,,,,False,False,0,
