Collection Name,Small Molecule Inducers,,Blue = Do not change; Green = free text,,,,,,,,,
Authors,Jacob Beal,,,,,,,,,,,
,,,,,,,,,,,,
Collection Description,,,,,,,,,,,,
This package collects a few of the most common bacterial inducer parts and composite systems using them,,,,,,,,,,,,
,,,,,,,,,,,,
Example Data,,,,,,,,,,,,
J23101,Promoter,High consitutive promoter from Anderson library,,,iGEM Registry,J23101,,Escherichia coli,True,False,0,
pRO1600,Engineered Region,Designed with a high GC content for higher melting points,,plasmid used to test promoter strength in  E coli,SEVA,pSEVA247Y,Aequorea victoria,Escherichia coli,True,True,1279,GTGAAAGGCAGGCCGGTCCGTGGTGGCCACGGCCTCTAGGCCAGATCCAGCGGCATCTGGGTTAGTCGAGCGCGGGCCGCTTCCCATGTCTCACCAGGGCGAGCCTGTTTCGCGATCTCAGCATCTGAAATCTTCCCGGCCTTGCGCTTCGCTGGGGCCTTACCCACCGCCTTGGCGGGCTTCTTCGGTCCAAAACTGAACAACAGATGTGTGACCTTGCGCCCGGTCTTTCGCTGCGCCCACTCCACCTGTAGCGGGCTGTGCTCGTTGATCTGCGTCACGGCTGGATCAAGCACTCGCAACTTGAAGTCCTTGATCGAGGGATACCGGCCTTCCAGTTGAAACCACTTTCGCAGCTGGTCAATTTCTATTTCGCGCTGGCCGATGCTGTCCCATTGCATGAGCAGCTCGTAAAGCCTGATCGCGTGGGTGCTGTCCATCTTGGCCACGTCAGCCAAGGCGTATTTGGTGAACTGTTTGGTGAGTTCCGTCAGGTACGGCAGCATGTCTTTGGTGAACCTGAGTTCTACACGGCCCTCACCCTCCCGGTAGATGATTGTTTGCACCCAGCCGGTAATCATCACACTCGGTCTTTTCCCCTTGCCATTGGGCTCTTGGGTTAACCGGACTTCCCGCCGTTTCAGGCGCAGGGCCGCTTCTTTGAGCTGGTTGTAGGAAGATTCGATAGGGACACCCGCCATCGTCGCTATGTCCTCCGCCGTCACTGAATACATCACTTCATCGGTGACAGGCTCGCTCCTCTTCACCTGGCTAATACAGGCCAGAACGATCCGCTGTTCCTGAACACTGAGGCGATACGCGGCCTCGACCAGGGCATTGCTTTTGTAAACCATTGGGGGTGAGGCCACGTTCGACATTCCTTGTGTATAAGGGGACACTGTATCTGCGTCCCACAATACAACAAATCCGTCCCTTTACAACAACAAATCCGTCCCTTCTTAACAACAAATCCGTCCCTTAATGGCAACAAATCCGTCCCTTTTTAAACTCTACAGGCCACGGATTACGTGGCCTGTAGACGTCCTAAAAGGTTTAAAAGGGAAAAGGAAGAAAAGGGTGGAAACGCAAAAAACGCACCACTACGTGGCCCCGTTGGGGCCGCATTTGTGCCCCTGAAGGGGCGGGGGAGGCGTCTGGGCAATCCCCGTTTTACCAGTCCCCTATCGCCGCCTGAGAGGGCGCAGGAAGCGAGTAATCAGGGTATCGAGGCGGATTCACCCTTGGCGTCCAACCAGCGGCACCAGCGGCGCCTGAGAGG
,,,,,,,,,,,,
,Blue text column headers are optional,,,,,,,,,,,
DNA Parts and Devices,Click on column headers for more information as to what to put into the column,,,,,,,,,,,
"Short and human friendly name for the part, e.g., ""GFP Reporter""",This is the role of the part according to the sequence ontology (see Ontology tab for full list). Select from the drop down menu or type have it validated.,Comments about design decisions. E.g. GC content or restriction sites removed,"If no changes were made use Direct, otherwise say changes that were made (can choose for drop down menu)",A description of how the part is meant to function and any information about the part that is not to do with how it was designed.,Where is the information about this part coming from? Provide a tag and e.g. AG for an Addgene plasmid. Tags found in the Source Sheet,Where is the information about this part coming from? Provide a te.g. 87906 for an Addgene plasmid. This is interpreted together with the column to the left,"Where is the genetic information coming from, e.g. gene taken from Aequorea victoria if available add in strain name too. This should match the scientific name for the txid in the next column","Where will the part be used, e.g. construct for use in Escherichia coli 98NK2. Where available include the strain name. This should match the scientific name for the txid in the next column","True if this is a final product to be produced, false if this is an intermediate stage being specified for compactness",Whether or not the part is circular. Select TRUE (circular) or FALSE (linear).,Automatically calculated length of the sequence pasted to the right. Use this column for checking there are no paste errors.,The series of ATGCs that make up the part. Spaces can be used within the sequence but no other characters.
Part Name,Role,Design Notes,Altered Sequence,Part Description,Data Source Prefix,Data Source ID,Source Organism,Target Organism,Final Product,Circular,length (bp),Sequence
AraC,CDS,Activator induced by arabinose,,,iGEM registry,C0040,,Escherichia coli,False,False,0,
pBAD,promoter,Target for AraC,,,iGEM registry,I0500,,Escherichia coli,False,False,0,
TetR,CDS,Repressor induced by aTc,,,iGEM registry,C0080,,Escherichia coli,False,False,0,
pTet,promoter,Target for TetR,,,iGEM registry,R0040,,Escherichia coli,False,False,0,
LacI,CDS,Repressor induced by IPTG; Note that C0012 also includes an LVA tag and a barcode,,,iGEM registry,C0012,,Escherichia coli,False,False,0,
pLac,promoter,Target for LacI,,,iGEM registry,R0010,,Escherichia coli,False,False,0,
,,,,,,,,,False,False,0,
AraC,CDS,Marionette: Activator induced by arabinose,,,,https://doi.org/10.1038/s41589-018-0168-3,,Escherichia coli,False,False,879,atggctgaagcgcaaaatgatcccctgctgccgggatactcgtttaatgcccatctggtggcgggtttaacgccgattgaggccaacggttatctcgatttttttatcgaccgaccgctgggaatgaaaggttatattctcaatctcaccattcgcggtcagggggtggtgaaaaatcagggacgagaatttgtttgccgaccgggtgatattttgctgttcccgccaggagagattcatcactacggtcgtcatccggaggctcgcgaatggtatcaccagtgggtttactttcgtccgcgcgcctactggcatgaatggcttaactggccgtcaatatttgccaatacggggttctttcgcccggatgaagcgcaccagccgcatttcagcgacttttttgggcaaatcattaacgccgggcaaggggaagggcgctattcggagctgctggcgataaatctgcttgagcaattgttactgcggcgcatgctagcgattaacggatcgctccatccaccgatggataatcgggtacgcgaggcttgtcagtacatcagcgatcacctggcagacagcaattttgatatcgccagcgtcgcacagcatgtttgcttgtcgccgtcgcgtctgtcacatcttttccgccagcagttagggattagcgtcttaagctggcgcgaggaccaacgtatcagccaggcgaagctgcttttgagcaccacccggatgcctatcgccaccgtcggtcgcaatgttggttttgacgatcaactctatttctcgcgggtatttaaaaaatgcaccggggccagcccgagcgagttccgtgccggtttggaagaaaaagtgaatgatgtagccgtcaagttgtcatga
pBAD,promoter,Marionette: Target of AraC,,,,,,Escherichia coli,False,False,289,agaaaccaattgtccatattgcatcagacattgccgtcactgcgtcttttactggctcttctcgctaaccaaaccggtaaccccgcttattaaaagcattctgtaacaaagcgggaccaaagccatgacaaaaacgcgtaacaaaagtgtctataatcacggcagaaaagtccacattgattatttgcacggcgtcacactttgctatgccatagcatttttatccataagattagcggatcctacctgacgctttttatcgcaactctctactgtttctccatacccg
BetI-AM,CDS,Marionette: Betaine repressor,,,,,,Escherichia coli,False,False,588,atgccgaaactgggtatgcagagcattcgtcgtcgtcagctgattgatgcaaccctggaagcaattaatgaagttggtatgcatgatgcaaccattgcacagattgcacgtcgtgccggtgttagcaccggtattattagccattatttccgcgataaaaacggtctactggaagcaaccatgcgtgatattaccagccagctgcgtgatgcagttctgaatcgtctgcatgcactgccgcagggtagcgcagaacagcgtctgcaggcaattgttggtggtaattttgatgaaacccaggttagcagcgcagcaatgaaagcatggctggcattttgggcaatcagcatgcatcagccgatgctgtatcgtctgcagcaggttagcagtcgtcgtctgctgagcaatctggttagcgaatttcgtcgtgaactgcctcgtgaacaggcacaagaggcaggttatggtctggcagcactgattgatggtctgtggctgcgtgcagcactgagcggtaaaccgctggataaaacccgtgcaaatagcctgacccgtcattttatcacccagcatctgccgaccgattga
pBetI,promoter,Marionette: Target of BetI,,,,,,Escherichia coli,False,False,63,agcgcgggtgagagggattcgttaccaatagacaattgattggacgttcaatataatgctagc
TetR,CDS,Marionette: aTc repressor,,,,,,Escherichia coli,False,False,624,atgtccagattagataaaagtaaagtgattaacagcgcattagagctgcttaatgaggtcggaatcgaaggtttaacaacccgtaaactcgcccagaagctaggtgtagagcagcctacattgtattggcatgtaaaaaataagcgggctttgctcgacgccttagccattgagatgttagataggcaccatactcacttttgccctttagaaggggaaagctggcaagattttttacgtaataacgctaaaagttttagatgtgctttactaagtcatcgcgatggagcaaaagtacatttaggtacacggcctacagaaaaacagtatgaaactctcgaaaatcaattagcctttttatgccaacaaggtttttcactagagaatgcattatatgcactcagcgctgtggggcattttactttaggttgcgtattggaagatcaagagcatcaagtcgctaaagaagaaagggaaacacctactactgatagtatgccgccattattacgacaagctatcgaattatttgatcaccaaggtgcagagccagccttcttattcggccttgaattgatcatatgcggattagaaaaacaacttaaatgtgaaagtgggtcctga
pTet,promoter,Marionette: Target of TetR,,,iGEM registry,BBa_K3424010,,Escherichia coli,False,False,0,
NahR-AM,CDS,Marionette: Salicylate activator,,,,,,Escherichia coli,False,False,903,atggaactgcgtgacctggatttaaacctgctggtggtgttcaaccagttgctggtcgacagacgcgtctctgtcactgcggagaacctgggcctgacccagcctgccgtgagcaatgcgctgaaacgcctgcgcacctcgctacaggacccactcttcgtgcgcacacatcagggaatggaacccacaccctatgccgcgcatctggccgagcacgtcacttcggccatgcacgcactgcgcaacgccctacagcaccatgaaagcttcgatccgctgaccagcgagcgtaccttcaccctggccatgaccgacattggcgagatctacttcatgccgcggctgatggatgcgctggctcaccaggcccccaattgcgtgatcagtacggtgcgcgacagttcgatgagcctgatgcaggccttgcagaacggaaccgtggacttggccgtgggcctgcttcccaatctgcaaactggcttctttcagcgccggctgctccagaatcactacgtgtgcctatgtcgcaaggaccatccagtcacccgcgaacccctgactctggagcgcttctgttcctacggccacgtgcgtgtcatcgccgctggcaccggccacggcgaggtggacacgtacatgacacgggtcggcatccggcgcgacatccgtctggaagtgccgcacttcgccgccgttggccacatcctccagcgcaccgatctgctcgccactgtgccgatatgtttagccgactgctgcgtagagcccttcggcctaagcgccttgccgcacccagtcgtcttgcctgaaatagccatcaacatgttctggcatgcgaagtaccacaaggacctagccaatatttggttgcggcaactgatgtttgacctgtttacggattga
pSalTTC,promoter,Marionette: Target of NahR,,,iGEM registry,BBa_K2680523,,Escherichia coli,False,False,0,
TtgR-AM,CDS,Marionette: Naringenin repressor,,,,,,Escherichia coli,False,False,636,atggttcgtcgtaccaaagaagaggcacaagaaacccgtgcacagattattgaagcagcagaacgtgcattctataaacgtggtgttgcacgtaccaccctggcagatattgcagaactggcaggcgttacccgtggtgcaatttattggcattttaacaacaaagccgaactggttcaggcactgctggatagcctgcatgaaacccatgatcatctggcacgtgcaagcgaaagcgaagatgaagttgatccgctgggttgtatgcgtaaactgctgctgcaggtttttaatgaactggttctggatgcacgtacccgtcgtattaatgaaatcctgcatcacaaatgcgagttcaccgatgatatgtgtgaaattcgtcagcagcatcagagcgcagttctggattgtcataaaggtattaccctgacactggcaaatgtagttcgtcgtggtcagctgcctggtgaactggatgcagaacgtgccgcagttgcaatgtttgcctatgttgatggtctgattcgtcgttggctgctgctgccggatagcgttgatctgctgggtgatgttgaaaaatgggttgataccggtctggatatgctgcgtctgagtccggcactgcgtaaataatga
pTtg,promoter,Marionette: Target of TtgR,,,,,,Escherichia coli,False,False,51,cacccagcagtatttacaaacaaccatgaatgtaagtatattccttagcaa
VanR-AM,CDS,Marionette: Vanilic acid repressor,,,iGEM registry,BBa_K3317004,,Escherichia coli,False,False,0,
pVanCC,promoter,Marionette: Target of VanR,,,iGEM registry,BBa_K3317006,,Escherichia coli,False,False,0,
AcuR-AM,CDS,Marionette: Acrylic acid repressor,,,,,,Escherichia coli,False,False,663,atgccgctgaccgacaccccgccgtctgttccgcagaaaccgcgtcgtggtcgtccgcgtggtgctccggacgcttctcttgctcaccagtctctgatccgtgctggtctggaacacctgaccgaaaaaggttactcttcggttggtgttgacgaaatcctgaaagctgctcgtgttccgaaaggttctttctaccactacttccgtaacaaagctgacttcggtctggctctgatcaaagcttacgacacctacttcgctcgtctcctcgaccaggcgttcctggacggttcgctggctccgctggctcgtctgcgtctgttcacccgtatggctgaagaaggtatggctcgtcacggtttccgtcgtggttgcctggttggtaacctgggtcaggaaatgggcgctctgccggacgacttccgtgctgctctgatcggtgttctggaaacctggcaacatcgtaccgctcagctgttccgtgaagctcaggcttgcggtgaactgtctgctgaccatgacccggacgctctggctgaagctttctggatcggatgggaaggtgctatcctgcgtgctaaactggaactgcgtccggacccgatgcactctttcacccgtaccttcggtcgtcacttcgttacccgtacccaggaataatga
pAcu,promoter,Marionette: Target of AcuR,,,,,,Escherichia coli,False,False,74,cgctagcaagtaaggccgacgcttcacaaccgcacttgatttaatagaccataccgtctattatttctggccat
MphR-AM,CDS,Marionette: Erythromycin repressor,,,,,,Escherichia coli,False,False,585,atgcctcgtccgaaactgaaaagtgatgatgaagttctggaagcagcaaccgttgttctgaaacgttgtggtccgattgaatttaccctgagcggtgttgcaaaagaagttggtctgagtcgcgcagcactgattcagcgttttaccaatcgtgataccctgctggttcgtatgatggaacgtggtgttgaacaggttcgtcattatctgaatgcaattccgattggtgcaggtccgcagggtctgtgggaatttctgcaggttctggttcgtagcatggatacccgtaatgatttcagcgtgaactatctgatcagctggtatgaactgcaggttccggaactgcgtaccctggcaattcagcgtaatcgtgcagttgttgaaggtattcgtaaacgtctgcctccgggtgcaccggcagcagcagaactgctgctgcatagcgttattgccggtgcaaccatgcagtgggcagttgatccggatggtgaactggcagatcatgttctggcacagattgcagcaattctgtgtctgatgtttccggaacatgatgattttcagctgctgcaggcacatgcataa
pMph,promoter,Marionette: Target of MphR,,,,,,Escherichia coli,False,False,52,ggattgaatataaccgacgtgactgttacatttaggtggctaaacccgtcaa
PcaU-AM,CDS,"Marionette: 3,4-dihydroxybenzoic acid regulator",,,,,,Escherichia coli,False,False,840,atgtggtcgaacatggatgacaagaaagtgaaagaggagaatattctgcacaattccaccaacaagaagatcatccgccacgaagattttgtagccggcattagcaaagggatggcgattctggattcgtttggtacagatcgtcatcgcctcaatatcaccatggccgcagagaaaaccggtatgacacgtgcagcagctcgtcgccacctgcttactctggagtatctgggctatctggaaagtgacggccactacttctacttaactcccaaaatcctgaaattcagtggttcatatttgggtggtgctcaattgccgaaaatttcccaaccactgttgaacttgcttacgacccagaccagcctgatttacagcgtgatggtgttggatggctatgaagccattaccattgcgcgttctgccgctcatcagcaaaccgaccgcgttaacccgtatggtttacatctcgggaatcgcttaccagcgcatacaacgtcagcgggcaaaatcctgttagcgtatttggatgaccatgcccagcaagagtggctcaatcagtaccctctgcaacggctcacgaaatacacgtataccaaccacatcgactttctgcgccttttgagtgaaatcaaggaacagggttggtgctatagttcggaagaacacgaactgggagtacacgcccttgcggttccgatttacggacagcagtctcgcgtcgtagcggcactgaacattgtcagcccgacaatgcggaccacgaaagaatacctgattcagcatattctgccgttactgcaagaaactgcgcgtgaattgcgcaatatcctgtaatga
p3B5B,promoter,Marionette: Target of PcaU,,,iGEM registry,BBa_K3317007,,Escherichia coli,False,False,0,
CymR-AM,CDS,Marionette: Cuminic acid repressor,,,,,,Escherichia coli,False,False,612,atgagcccgaaacgtcgtacccaggcagaacgtgcaatggaaacccagggtaaactgattgcagcagcactgggtgttctgcgtgaaaaaggttatgcaggttttcgtattgcagatgttccgggtgcagccggtgttagccgtggtgcacagagccatcattttccgaccaaactggaactgctgctggcaacctttgaatggctgtatgagcagattaccgaacgtagccgtgcacgtctggcaaaactgaaaccggaagatgatgttattcagcagatgctggatgatgcagcagaattttttctggatgatgattttagcatcggcctggatctgattgttgcagcagatcgtgatccggcactgcgtgaaggtattcagcgtaccgttgaacgtaatcgttttgttgttgaagatatgtggctgggtgtgctggtgagccgtggtctgagccgtgatgatgccgaagatattctgtggctgatttttaacagcgttcgtggtctggtagttcgtagcctgtggcagaaagataaagaacgttttgaacgtgtgcgtaatagcaccctggaaattgcacgtgaacgttatgcaaaattcaaacgttga
pCymRC,promoter,Marionette: Target of CymR,,,,,,Escherichia coli,False,False,90,aacaaacagacaatctggtctgtttgtattatggaaaatttttctgtataatagattcaacaaacagacaatctggtctgtttgtattat
CinR-AM,CDS,Marionette: 3-hydroxytetradecanoyl-homoserine lactone activator,,,,,,Escherichia coli,False,False,756,atgattgagaatacctatagcgaaaagttcgagtccgcgttcgaacagatcaaagcggcggccaacgtggatgccgccatccgtattctccaggcggaatataacctcgatttcgtcacctaccatctcgcccagacaatcgcgagcaagatcgattcgcccttcgtgcgcaccacctatccggatgcctgggtttcccgttacctcctcaactgctatgtgaaggtcgatccgatcatcaagcagggcttcgaacgccagctgcccttcgactggagcgaggtcgaaccgacgccggaggcctatgccatgctggtcgacgcccagaaacacggcatcgatgacaatggctactccatccccgtcgccgacaaggcgcagcgccgcgccctgctgtcgctgaatgcccatataccggccgacgaatggaccgagctcgtgcgccgctgccgcaatgagtggatcgagatcgcccatctgatccaccgcaaggccgtatatgagctgcatggcgaaaacgatccggtgccggcattgtcgccgcgcgagatcgagtgtctgcactggaccgccctcggcaaggattacaaggatatttcggtcatcctgggcatatcagagcataccacacgcgattacctgaaaaccgcccgcttcaggctcggctgcaccacgatctcggccgccgcgtcgcgggctgttcaattgcgcatcatcaatccctataggatccgcatgacgcgacgtaattggtaa
pCin,promoter,Marionette: Target of CinR,,,iGEM registry,BBa_K2680520,,Escherichia coli,False,False,0,
LacI-AM,CDS,Marionette: IPTG regulator,,,iGEM registry,BBa_K2680537,,Escherichia coli,False,False,0,
pTac,promoter,Marionette: Target of LacI,,,,,,Escherichia coli,False,False,56,tgttgacaattaatcatcggctcgtataatgtgtggaattgtgagcgctcacaatt
LuxR,CDS,Marionette: 3-oxohexanoyl-homoserine lactone (OC6) activator,,,,,,Escherichia coli,False,False,753,atgaaaaacataaatgccgacgacacatacagaataattaataaaattaaagcttgtagaagcaataatgatattaatcaatgcttatctgatatgactaaaatggtacattgtgaatattatttactcgcgatcatttatcctcattctatggttaaatctgatatttcaatcctagataattaccctaaaaaatggaggcaatattatgatgacgctaatttaataaaatatgatcctatagtagattattctaactccaatcattcaccaattaattggaatatatttgaaaacaatgctgtaaataaaaaatctccaaatgtaattaaagaagcgaaaacatcaggtcttatcactgggtttagtttccctattcatacggctaacaatggcttcggaatgcttagttttgcacattcagaaaaagacaactatatagatagtttatttttacatgcgtgtatgaacataccattaattgttccttctctagttgataattatcgaaaaataaatatagcaaataataaatcaaacaacgatttaaccaaaagagaaaaagaatgtttagcgtgggcatgcgaaggaaaaagctcttgggatatttcaaaaatattaggttgcagtgagcgtactgtcactttccatttaaccaatgcgcaaatgaaactcaatacaacaaaccgctgccaaagtatttctaaagcaattttaacaggagcaattgattgcccatactttaaaaattga
pLuxB,promoter,Marionette: Target of LuxR,,,,,,Escherichia coli,False,False,55,acctgtaggatcgtacaggtttacgcaagaaaatggtttgttacagtcgaataaa
