Collection Name,JUMP Collection,,Blue = Do not change; Green = free text,,,,,,,,,
Authors,Marcos Valenzuela-Ortega,,,,,,,,,,,
,,,,,,,,,,,,
Collection Description,,,,,,,,,,,,
"Joint Universal Modular Plasmids (JUMP) is a modular vector platform for Golden Gate (PhytoBrick) and Biobrick assembly based on Standard European Vector Architecture (SEVA). The collection includes plasmids with 10 different replication origins allowing for flexibility in both copy number and chassis. A selection of the JUMP collection has been made available to iGEM teams through the iGEM 2022 Distribution. This collection was kindly provided under the OpenMTA by Marcos Valenzuela-Ortega at the French Lab, University of Edinburgh. For more information please see: Marcos Valenzuela-Ortega, Christopher French, Joint universal modular plasmids (JUMP): a flexible vector platform for synthetic biology, Synthetic Biology, Volume 6, Issue 1, 2021, ysab003, https://doi.org/10.1093/synbio/ysab003",,,,,,,,,,,,
,,,,,,,,,,,,
Example Data,,,,,,,,,,,,
J23101,Promoter,High consitutive promoter from Anderson library,,,iGEM registry,J23101,,Escherichia coli,False,False,0,
pRO1600,Engineered Region,Designed with a high GC content for higher melting points,,plasmid used to test promoter strength in  E coli,SEVA,pSEVA247Y,Aequorea victoria,Escherichia coli,True,True,1279,GTGAAAGGCAGGCCGGTCCGTGGTGGCCACGGCCTCTAGGCCAGATCCAGCGGCATCTGGGTTAGTCGAGCGCGGGCCGCTTCCCATGTCTCACCAGGGCGAGCCTGTTTCGCGATCTCAGCATCTGAAATCTTCCCGGCCTTGCGCTTCGCTGGGGCCTTACCCACCGCCTTGGCGGGCTTCTTCGGTCCAAAACTGAACAACAGATGTGTGACCTTGCGCCCGGTCTTTCGCTGCGCCCACTCCACCTGTAGCGGGCTGTGCTCGTTGATCTGCGTCACGGCTGGATCAAGCACTCGCAACTTGAAGTCCTTGATCGAGGGATACCGGCCTTCCAGTTGAAACCACTTTCGCAGCTGGTCAATTTCTATTTCGCGCTGGCCGATGCTGTCCCATTGCATGAGCAGCTCGTAAAGCCTGATCGCGTGGGTGCTGTCCATCTTGGCCACGTCAGCCAAGGCGTATTTGGTGAACTGTTTGGTGAGTTCCGTCAGGTACGGCAGCATGTCTTTGGTGAACCTGAGTTCTACACGGCCCTCACCCTCCCGGTAGATGATTGTTTGCACCCAGCCGGTAATCATCACACTCGGTCTTTTCCCCTTGCCATTGGGCTCTTGGGTTAACCGGACTTCCCGCCGTTTCAGGCGCAGGGCCGCTTCTTTGAGCTGGTTGTAGGAAGATTCGATAGGGACACCCGCCATCGTCGCTATGTCCTCCGCCGTCACTGAATACATCACTTCATCGGTGACAGGCTCGCTCCTCTTCACCTGGCTAATACAGGCCAGAACGATCCGCTGTTCCTGAACACTGAGGCGATACGCGGCCTCGACCAGGGCATTGCTTTTGTAAACCATTGGGGGTGAGGCCACGTTCGACATTCCTTGTGTATAAGGGGACACTGTATCTGCGTCCCACAATACAACAAATCCGTCCCTTTACAACAACAAATCCGTCCCTTCTTAACAACAAATCCGTCCCTTAATGGCAACAAATCCGTCCCTTTTTAAACTCTACAGGCCACGGATTACGTGGCCTGTAGACGTCCTAAAAGGTTTAAAAGGGAAAAGGAAGAAAAGGGTGGAAACGCAAAAAACGCACCACTACGTGGCCCCGTTGGGGCCGCATTTGTGCCCCTGAAGGGGCGGGGGAGGCGTCTGGGCAATCCCCGTTTTACCAGTCCCCTATCGCCGCCTGAGAGGGCGCAGGAAGCGAGTAATCAGGGTATCGAGGCGGATTCACCCTTGGCGTCCAACCAGCGGCACCAGCGGCGCCTGAGAGG
,,,,,,,,,,,,
,Blue text column headers are optional,,,,,,,,,,,
DNA Parts and Devices,Click on column headers for more information as to what to put into the column,,,,,,,,,,,
"Short and human friendly name for the part, e.g., ""GFP Reporter""",This is the role of the part according to the sequence ontology (see Ontology tab for full list). Select from the drop down menu or type have it validated.,Comments about design decisions. E.g. GC content or restriction sites removed,"If no changes were made use Direct, otherwise say changes that were made (can choose for drop down menu)",A description of how the part is meant to function and any information about the part that is not to do with how it was designed.,Where is the information about this part coming from? Provide a tag and e.g. AG for an Addgene plasmid. Tags found in the Source Sheet,Where is the information about this part coming from? Provide a te.g. 87906 for an Addgene plasmid. This is interpreted together with the column to the left,"Where is the genetic information coming from, e.g. gene taken from Aequorea victoria if available add in strain name too. This should match the scientific name for the txid in the next column","Where will the part be used, e.g. construct for use in Escherichia coli 98NK2. Where available include the strain name. This should match the scientific name for the txid in the next column","True if this is a final product to be produced, false if this is an intermediate stage being specified for compactness",Whether or not the part is circular. Select TRUE (circular) or FALSE (linear).,Automatically calculated length of the sequence pasted to the right. Use this column for checking there are no paste errors.,The series of ATGCs that make up the part. Spaces can be used within the sequence but no other characters.
Part Name,Role,Design Notes,Altered Sequence,Part Description,Data Source Prefix,Data Source ID,Source Organism,Target Organism,Final Product,Circular,length (bp),Sequence
pJUMP19-min2,plasmid_vector,Taken from https://doi.org/10.1093/synbio/ysab003,Direct,Minimal cargo vector. Allows introducing any part using BsmBI; but doesn't have cloning reporter. Can be used to generate new promoter/terminator acceptor vectors.,Local Sequence File,pJUMP19-min2.gb,,Escherichia coli,False,True,0,
pJUMP19-Pac,plasmid_vector,Taken from https://doi.org/10.1093/synbio/ysab003,Direct,Promoter acceptor vector. Minimal cargo vector; with eGFP without promoter in downstream secondary site. Allows introducing any part using BsmBI.,Local Sequence File,pJUMP19-Pac.gb,,Escherichia coli,False,True,0,
pJUMP19-Tac,plasmid_vector,Taken from https://doi.org/10.1093/synbio/ysab003,Direct,Terminator acceptor vector. Minimal cargo vector; with eGFP  in downstream secondary site and constitutive promoter J23100 in upstream site. Allows introducing any part using BsmBI.,Local Sequence File,pJUMP19-Tac.gb,,Escherichia coli,False,True,0,
pJUMP18-Uac,plasmid_vector,Taken from https://doi.org/10.1093/synbio/ysab003,Direct,"Universal Acceptor Plasmid. The fusion sites of the Level 0 part, type generated are introduced during domestication. sfGFP reporter gene. High copy number oriV #8.",Local Sequence File,pJUMP18-Uac.gb,,Escherichia coli,False,True,0,
pJUMP29-1A-sfGFP,plasmid_vector,Taken from https://doi.org/10.1093/synbio/ysab003,Direct,Level 1 vector. OriV 9 (pBBR322/ROP; medium copy number),Local Sequence File,pJUMP29-1A-sfGFP.gb,,Escherichia coli,False,True,0,
pJUMP29-1B-sfGFP,plasmid_vector,Taken from https://doi.org/10.1093/synbio/ysab003,Direct,Level 1 vector. OriV 9 (pBBR322/ROP; medium copy number),Local Sequence File,pJUMP29-1B-sfGFP.gb,,Escherichia coli,False,True,0,
pJUMP29-1C-sfGFP,plasmid_vector,Taken from https://doi.org/10.1093/synbio/ysab003,Direct,Level 1 vector. OriV 9 (pBBR322/ROP; medium copy number),Local Sequence File,pJUMP29-1C-sfGFP.gb,,Escherichia coli,False,True,0,
pJUMP29-1D-sfGFP,plasmid_vector,Taken from https://doi.org/10.1093/synbio/ysab003,Direct,Level 1 vector. OriV 9 (pBBR322/ROP; medium copy number),Local Sequence File,pJUMP29-1D-sfGFP.gb,,Escherichia coli,False,True,0,
pJUMP49-2A-sfGFP,plasmid_vector,Taken from https://doi.org/10.1093/synbio/ysab003,Direct,Level 2 vector. OriV 9 (pBBR322/ROP; medium copy number),Local Sequence File,pJUMP49-2A-sfGFP.gb,,Escherichia coli,False,True,0,
pJUMP49-2B-sfGFP,plasmid_vector,Taken from https://doi.org/10.1093/synbio/ysab003,Direct,Level 2 vector. OriV 9 (pBBR322/ROP; medium copy number),Local Sequence File,pJUMP49-2B-sfGFP.gb,,Escherichia coli,False,True,0,
pJUMP49-2C-sfGFP,plasmid_vector,Taken from https://doi.org/10.1093/synbio/ysab003,Direct,Level 2 vector. OriV 9 (pBBR322/ROP; medium copy number),Local Sequence File,pJUMP49-2C-sfGFP.gb,,Escherichia coli,False,True,0,
pJUMP49-2D-sfGFP,plasmid_vector,Taken from https://doi.org/10.1093/synbio/ysab003,Direct,Level 2 vector. OriV 9 (pBBR322/ROP; medium copy number),Local Sequence File,pJUMP49-2D-sfGFP.gb,,Escherichia coli,False,True,0,
pJUMP21-1A-sfGFP,plasmid_vector,Taken from https://doi.org/10.1093/synbio/ysab003,Direct,Level 1 vector. sfGFP reporter. Origin R6K (pir conditional).,Local Sequence File,pJUMP21-1A-sfGFP.gb,,Escherichia coli,False,True,0,
pJUMP22x-1A-sfGFP,plasmid_vector,Taken from https://doi.org/10.1093/synbio/ysab003,Direct,Level 1 vector. sfGFP reporter. Origin RK2 (broad-host-range). *CONTAINS one BsmBI and multiple BtgZI and AarI forbidden sites.,Local Sequence File,pJUMP22x-1A-sfGFP.gb,,Escherichia coli,False,True,0,
pJUMP23-1A-sfGFP,plasmid_vector,Taken from https://doi.org/10.1093/synbio/ysab003,Direct,Level 1 vector. sfGFP reporter. Origin pBBR1 (medium-copy; broad-host-range),Local Sequence File,pJUMP23-1A-sfGFP.gb,,Escherichia coli,False,True,0,
pJUMP24-1A-sfGFP,plasmid_vector,Taken from https://doi.org/10.1093/synbio/ysab003,Direct,Level 1 vector. sfGFP reporter. Origin pRO1600/ColE1 (E.coli - Pseudomonas shuttle),Local Sequence File,pJUMP24-1A-sfGFP.gb,,Escherichia coli,False,True,0,
pJUMP25-1A-sfGFP,plasmid_vector,Taken from https://doi.org/10.1093/synbio/ysab003,Direct,Level 1 vector. sfGFP reporter. Origin RSF1010 (Broad-host-range),Local Sequence File,pJUMP25-1A-sfGFP.gb,,Escherichia coli,False,True,0,
pJUMP26-1A-sfGFP,plasmid_vector,Taken from https://doi.org/10.1093/synbio/ysab003,Direct,Level 1 vector. sfGFP reporter. Origin p15A (medium copy number),Local Sequence File,pJUMP26-1A-sfGFP.gb,,Escherichia coli,False,True,0,
pJUMP27-1A-sfGFP,plasmid_vector,Taken from https://doi.org/10.1093/synbio/ysab003,Direct,Level 1 vector. sfGFP reporter. Origin pSC101 (low copy number),Local Sequence File,pJUMP27-1A-sfGFP.gb,,Escherichia coli,False,True,0,
pJUMP27ts-1A-sfGFP,plasmid_vector,Taken from https://doi.org/10.1093/synbio/ysab003,Direct,Level 1 vector. sfGFP reporter. Thermosensitive origin pSC101 (low copy number),Local Sequence File,pJUMP27ts-1A-sfGFP.gb,,Escherichia coli,False,True,0,
pJUMP28-1A-sfGFP,plasmid_vector,Taken from https://doi.org/10.1093/synbio/ysab003,Direct,Level 1 vector. sfGFP reporter. Origin pUC (high copy number),Local Sequence File,pJUMP28-1A-sfGFP.gb,,Escherichia coli,False,True,0,
pJUMP29-1A-lacZ,plasmid_vector,Taken from https://doi.org/10.1093/synbio/ysab003,Direct,Level 1 vector. With lacZ as alternative cloning reporter. OriV 9 (pBBR322/ROP; medium copy number).,Local Sequence File,pJUMP29-1A-lacZ.gb,,Escherichia coli,False,True,0,
pJUMP29-1Dprime-sfGFP,plasmid_vector,Taken from https://doi.org/10.1093/synbio/ysab003,Direct,Level 1 vector. OriV 9 (pBBR322/ROP; medium copy number); sfGFP cloning reporter.,Local Sequence File,pJUMP29-1Dprime-sfGFP.gb,,Escherichia coli,False,True,0,
pJUMP29-1E-sfGFP,plasmid_vector,Taken from https://doi.org/10.1093/synbio/ysab003,Direct,Level 1 vector. OriV 9 (pBBR322/ROP; medium copy number); sfGFP cloning reporter.,Local Sequence File,pJUMP29-1E-sfGFP.gb,,Escherichia coli,False,True,0,
pJUMP39-1A-sfGFP,plasmid_vector,Taken from https://doi.org/10.1093/synbio/ysab003,Direct,Level 1 vector with alternative selection marker (chloramphenicol). OriV 9 (pBBR322/ROP; medium copy number); sfGFP cloning reporter.,Local Sequence File,pJUMP39-1A-sfGFP.gb,,Escherichia coli,False,True,0,
pJUMP38-1A-sfGFP,plasmid_vector,Taken from https://doi.org/10.1093/synbio/ysab003,Direct,Level 1 vector with alternative selection marker (chloramphenicol). Origin pUC (high copy number). sfGFP cloning reporter.,Local Sequence File,pJUMP38-1A-sfGFP.gb,,Escherichia coli,False,True,0,
pJUMP41-2A-sfGFP,plasmid_vector,Taken from https://doi.org/10.1093/synbio/ysab003,Direct,Level 2 vector. sfGFP reporter. Origin R6K (pir conditional).,Local Sequence File,pJUMP41-2A-sfGFP.gb,,Escherichia coli,False,True,0,
pJUMP42x-2A-sfGFP,plasmid_vector,Taken from https://doi.org/10.1093/synbio/ysab003,Direct,Level 2 vector. sfGFP reporter. Origin RK2 (broad-host-range).*CONTAINS one BsmBI and multiple BtgZI and AarI forbidden sites.,Local Sequence File,pJUMP42x-2A-sfGFP.gb,,Escherichia coli,False,True,0,
pJUMP43-2A-sfGFP,plasmid_vector,Taken from https://doi.org/10.1093/synbio/ysab003,Direct,Level 2 vector. sfGFP reporter. Origin pBBR1 (medium-copy; broad-host-range),Local Sequence File,pJUMP43-2A-sfGFP.gb,,Escherichia coli,False,True,0,
pJUMP44-2A-sfGFP,plasmid_vector,Taken from https://doi.org/10.1093/synbio/ysab003,Direct,Level 2 vector. sfGFP reporter. Origin pRO1600/ColE1 (E.coli - Pseudomonas shuttle),Local Sequence File,pJUMP44-2A-sfGFP.gb,,Escherichia coli,False,True,0,
pJUMP45-2A-sfGFP,plasmid_vector,Taken from https://doi.org/10.1093/synbio/ysab003,Direct,Level 2 vector. sfGFP reporter. Origin RSF1010 (Broad-host-range),Local Sequence File,pJUMP45-2A-sfGFP.gb,,Escherichia coli,False,True,0,
pJUMP46-2A-sfGFP,plasmid_vector,Taken from https://doi.org/10.1093/synbio/ysab003,Direct,Level 2 vector. sfGFP reporter. Origin p15A (medium copy number),Local Sequence File,pJUMP46-2A-sfGFP.gb,,Escherichia coli,False,True,0,
pJUMP47-2A-sfGFP,plasmid_vector,Taken from https://doi.org/10.1093/synbio/ysab003,Direct,Level 2 vector. sfGFP reporter. Origin pSC101 (low copy number),Local Sequence File,pJUMP47-2A-sfGFP.gb,,Escherichia coli,False,True,0,
pJUMP47ts-2A-sfGFP,plasmid_vector,Taken from https://doi.org/10.1093/synbio/ysab003,Direct,Level 2 vector. sfGFP reporter. Thermosensitive origin pSC101 (low copy number),Local Sequence File,pJUMP47ts-2A-sfGFP.gb,,Escherichia coli,False,True,0,
pJUMP48-2A-sfGFP,plasmid_vector,Taken from https://doi.org/10.1093/synbio/ysab003,Direct,Level 2 vector. sfGFP reporter. Origin pUC (high copy number),Local Sequence File,pJUMP48-2A-sfGFP.gb,,Escherichia coli,False,True,0,
pJUMP49-2Dprime-sfGFP,plasmid_vector,Taken from https://doi.org/10.1093/synbio/ysab003,Direct,Level 2 vector. OriV 9 (pBBR322/ROP; medium copy number); sfGFP cloning reporter.,Local Sequence File,pJUMP49-2Dprime-sfGFP.gb,,Escherichia coli,False,True,0,
pJUMP49-2E-sfGFP,plasmid_vector,Taken from https://doi.org/10.1093/synbio/ysab003,Direct,Level 2 vector. OriV 9 (pBBR322/ROP; medium copy number); sfGFP cloning reporter.,Local Sequence File,pJUMP49-2E-sfGFP.gb,,Escherichia coli,False,True,0,
,,,,,,,,,,,0,
,,,,,,,,,,,0,
,,,,,,,,,,,0,
,,,,,,,,,,,0,
,,,,,,,,,,,0,
,,,,,,,,,,,0,
,,,,,,,,,,,0,
,,,,,,,,,,,0,
,,,,,,,,,,,0,
,,,,,,,,,,,0,
,,,,,,,,,,,0,
,,,,,,,,,,,0,
,,,,,,,,,,,0,
,,,,,,,,,,,0,
,,,,,,,,,,,0,
,,,,,,,,,,,0,
,,,,,,,,,,,0,
,,,,,,,,,,,0,
,,,,,,,,,,,0,
,,,,,,,,,,,0,
,,,,,,,,,,,0,
,,,,,,,,,,,0,
,,,,,,,,,,,0,
,,,,,,,,,,,0,
,,,,,,,,,,,0,
,,,,,,,,,,,0,
,,,,,,,,,,,0,
,,,,,,,,,,,0,
,,,,,,,,,,,0,
