Collection Name,Fluorescent Reporter Proteins,,Blue = Do not change; Green = free text,,,,,,,,,
Authors,Vinoo Selvarajah,,,,,,,,,,,
,,,,,,,,,,,,
Collection Description,,,,,,,,,,,,
"A collection of fluorescent reporter proteins several of which are recommended by the iGEM Engineering Committee due to their properties (less sprectral overlap for emissions, maturation, etc.)					",,,,,,,,,,,,
,,,,,,,,,,,,
Example Data,,,,,,,,,,,,
J23101,Promoter,High consitutive promoter from Anderson library,,,iGEM registry,J23101,,Escherichia coli,False,False,0,
pRO1600,Engineered Region,Designed with a high GC content for higher melting points,,plasmid used to test promoter strength in  E coli,SEVA,pSEVA247Y,Aequorea victoria,Escherichia coli,True,True,1279,GTGAAAGGCAGGCCGGTCCGTGGTGGCCACGGCCTCTAGGCCAGATCCAGCGGCATCTGGGTTAGTCGAGCGCGGGCCGCTTCCCATGTCTCACCAGGGCGAGCCTGTTTCGCGATCTCAGCATCTGAAATCTTCCCGGCCTTGCGCTTCGCTGGGGCCTTACCCACCGCCTTGGCGGGCTTCTTCGGTCCAAAACTGAACAACAGATGTGTGACCTTGCGCCCGGTCTTTCGCTGCGCCCACTCCACCTGTAGCGGGCTGTGCTCGTTGATCTGCGTCACGGCTGGATCAAGCACTCGCAACTTGAAGTCCTTGATCGAGGGATACCGGCCTTCCAGTTGAAACCACTTTCGCAGCTGGTCAATTTCTATTTCGCGCTGGCCGATGCTGTCCCATTGCATGAGCAGCTCGTAAAGCCTGATCGCGTGGGTGCTGTCCATCTTGGCCACGTCAGCCAAGGCGTATTTGGTGAACTGTTTGGTGAGTTCCGTCAGGTACGGCAGCATGTCTTTGGTGAACCTGAGTTCTACACGGCCCTCACCCTCCCGGTAGATGATTGTTTGCACCCAGCCGGTAATCATCACACTCGGTCTTTTCCCCTTGCCATTGGGCTCTTGGGTTAACCGGACTTCCCGCCGTTTCAGGCGCAGGGCCGCTTCTTTGAGCTGGTTGTAGGAAGATTCGATAGGGACACCCGCCATCGTCGCTATGTCCTCCGCCGTCACTGAATACATCACTTCATCGGTGACAGGCTCGCTCCTCTTCACCTGGCTAATACAGGCCAGAACGATCCGCTGTTCCTGAACACTGAGGCGATACGCGGCCTCGACCAGGGCATTGCTTTTGTAAACCATTGGGGGTGAGGCCACGTTCGACATTCCTTGTGTATAAGGGGACACTGTATCTGCGTCCCACAATACAACAAATCCGTCCCTTTACAACAACAAATCCGTCCCTTCTTAACAACAAATCCGTCCCTTAATGGCAACAAATCCGTCCCTTTTTAAACTCTACAGGCCACGGATTACGTGGCCTGTAGACGTCCTAAAAGGTTTAAAAGGGAAAAGGAAGAAAAGGGTGGAAACGCAAAAAACGCACCACTACGTGGCCCCGTTGGGGCCGCATTTGTGCCCCTGAAGGGGCGGGGGAGGCGTCTGGGCAATCCCCGTTTTACCAGTCCCCTATCGCCGCCTGAGAGGGCGCAGGAAGCGAGTAATCAGGGTATCGAGGCGGATTCACCCTTGGCGTCCAACCAGCGGCACCAGCGGCGCCTGAGAGG
,,,,,,,,,,,,
,Blue text column headers are optional,,,,,,,,,,,
DNA Parts and Devices,Click on column headers for more information as to what to put into the column,,,,,,,,,,,
"Short and human friendly name for the part, e.g., ""GFP Reporter""",This is the role of the part according to the sequence ontology (see Ontology tab for full list). Select from the drop down menu or type have it validated.,Comments about design decisions. E.g. GC content or restriction sites removed,"If no changes were made use Direct, otherwise say changes that were made (can choose for drop down menu)",A description of how the part is meant to function and any information about the part that is not to do with how it was designed.,Where is the information about this part coming from? Provide a tag and e.g. AG for an Addgene plasmid. Tags found in the Source Sheet,Where is the information about this part coming from? Provide a te.g. 87906 for an Addgene plasmid. This is interpreted together with the column to the left,"Where is the genetic information coming from, e.g. gene taken from Aequorea victoria if available add in strain name too. This should match the scientific name for the txid in the next column","Where will the part be used, e.g. construct for use in Escherichia coli 98NK2. Where available include the strain name. This should match the scientific name for the txid in the next column","True if this is a final product to be produced, false if this is an intermediate stage being specified for compactness",Whether or not the part is circular. Select TRUE (circular) or FALSE (linear).,Automatically calculated length of the sequence pasted to the right. Use this column for checking there are no paste errors.,The series of ATGCs that make up the part. Spaces can be used within the sequence but no other characters.
Part Name,Role,Design Notes,Altered Sequence,Part Description,Data Source Prefix,Data Source ID,Source Organism,Target Organism,Final Product,Circular,length (bp),Sequence
GFPmut3b,CDS,S2R mutation,,Excit. 501 / Emiss. 511,iGEM registry,E0040,Aequorea victoria,Escherichia coli,False,False,0,
GFPmut3,CDS,"Source: AddGene-26495 / Sequence was missing bases, but matched to repressilator",,"Excit. 500 / Emiss. 513, brightness 35, maturation time 4.1 min, weak dimer (from FPBase)",Local Sequence File,26495,Aequorea victoria,Escherichia coli,False,False,0,
IP-Free JuniperGFP,CDS,,,Excit. 508 / Emiss. 521,iGEM registry,J97001,Synthetic,Escherichia coli,False,False,0,
EYFP,CDS,,,Excit. 514 / Emiss. 527,iGEM registry,E0030,Aequorea victoria,Escherichia coli,False,False,0,
sYFP2,CDS,,,"Excit. 515 / Emiss. 527, brightness 68, maturation time 4.1 min (from FPBase)",iGEM registry,K864100,Aequorea victoria,Escherichia coli,False,False,0,
IP-Free BlazeYFP,CDS,,,Excit. 515 / Emiss. 534,iGEM registry,J97002,Synthetic,Escherichia coli,False,False,0,
E1010,CDS,"includes barcode after double stop, 4 BbsI cut sites",,Excit. 584 / Emiss. 607,iGEM registry,E1010,,Escherichia coli,False,False,0,
mRFP1,CDS,Source: AddGene-120957 / Type IIS compatible version from Murray Lab,,"Excit. 584 / Emiss. 607, brightness 12.5, maturation time 60 min, pKa 4.5 (from FPBase)",Local Sequence File,120957,,Escherichia coli,False,False,0,
mScarlet,CDS,Source: GenBank-KY021423 / stop codons added,,"Excit. 569 / Emiss. 594, brightness 70, maturation time 174 min, pKa 5.3 (from FPBase)",Local Sequence File,KY021423,Synthetic,Mammalia,False,False,0,
mCherry,CDS,,,"Excit. 587 / Emiss. 610, brightness 16, maturation time 15 min, pKa 4.5 (from FPBase)",iGEM registry,J06504,,Escherichia coli,False,False,0,
mKate2,CDS,Source: AddGene-54827,,"Excit. 588 / Emiss. 633, brightness 25, maturation time 20 min, pKa 5.4 (from FPBase)",Local Sequence File,54827,,Xenopus laevis,False,False,0,
IP-Free TannenRFP,CDS,,,Excit. 550 / Emiss. 565,iGEM registry,J97003,Synthetic,Escherichia coli,False,False,0,
ECFP,CDS,,,Excit. 439 / Emiss. 476,iGEM registry,E0020,Aequorea victoria,Escherichia coli,False,False,0,
TagBFP,CDS,,,"Excit. 402 / Emiss. 457, brightness 33, maturation time 13 min, pKa 2.7 (from FPBase)",iGEM registry,K592100,,Escherichia coli,False,False,0,
mCerulean3,CDS,,,"Excit. 433 / Emiss. 475, brightness 35, maturation time 70 min, pKa 3.2 (from FPBase)",GenBank,KY484012,Aequorea victoria,Chlamydomonas reinhardtii,False,False,0,
IP-Free EiraCFP,CDS,,,Excit. 398 / Emiss. 498,iGEM registry,J97000,Synthetic,Escherichia coli,False,False,0,
pSB1C5,plasmid_vector,,,,Local Sequence File,pSB1C5,,Escherichia coli,False,True,0,
D1005,designed_sequence,Includes BsaI and fusion site,,L0 CDS 5' Flanking Region,iGEM registry,D1005,Synthetic,Escherichia coli,False,False,0,
D1006,designed_sequence,Includes BsaI and fusion site,,L0 CDS 3' Flanking Region,iGEM registry,D1006,Synthetic,Escherichia coli,False,False,0,
,,,,,,,,,False,False,0,
,,,,,,,,,False,False,0,
,,,,,,,,,False,False,0,
,,,,,,,,,False,False,0,
,,,,,,,,,False,False,0,
