Collection Name,,,Blue = Do not change; Green = free text,,,,,,,,,,,,,,,,,,,,,,,
Authors,,,,,,,,,,,,,,,,,,,,,,,,,,
,,,,,,,,,,,,,,,,,,,,,,,,,,
Collection Description,,,,,,,,,,,,,,,,,,,,,,,,,,
,,,,,,,,,,,,,,,,,,,,,,,,,,
,,,,,,,,,,,,,,,,,,,,,,,,,,
Example Data,,,,,,,,,,,,,,,,,,,,,,,,,,
J23101,Promoter,High consitutive promoter from Anderson library,,,iGEM registry,J23101,,Escherichia coli,False,False,0,,,,,,,,,,,,,,,
pRO1600,Engineered Region,Designed with a high GC content for higher melting points,,plasmid used to test promoter strength in  E coli,SEVA,pSEVA247Y,Aequorea victoria,Escherichia coli,True,True,1279,GTGAAAGGCAGGCCGGTCCGTGGTGGCCACGGCCTCTAGGCCAGATCCAGCGGCATCTGGGTTAGTCGAGCGCGGGCCGCTTCCCATGTCTCACCAGGGCGAGCCTGTTTCGCGATCTCAGCATCTGAAATCTTCCCGGCCTTGCGCTTCGCTGGGGCCTTACCCACCGCCTTGGCGGGCTTCTTCGGTCCAAAACTGAACAACAGATGTGTGACCTTGCGCCCGGTCTTTCGCTGCGCCCACTCCACCTGTAGCGGGCTGTGCTCGTTGATCTGCGTCACGGCTGGATCAAGCACTCGCAACTTGAAGTCCTTGATCGAGGGATACCGGCCTTCCAGTTGAAACCACTTTCGCAGCTGGTCAATTTCTATTTCGCGCTGGCCGATGCTGTCCCATTGCATGAGCAGCTCGTAAAGCCTGATCGCGTGGGTGCTGTCCATCTTGGCCACGTCAGCCAAGGCGTATTTGGTGAACTGTTTGGTGAGTTCCGTCAGGTACGGCAGCATGTCTTTGGTGAACCTGAGTTCTACACGGCCCTCACCCTCCCGGTAGATGATTGTTTGCACCCAGCCGGTAATCATCACACTCGGTCTTTTCCCCTTGCCATTGGGCTCTTGGGTTAACCGGACTTCCCGCCGTTTCAGGCGCAGGGCCGCTTCTTTGAGCTGGTTGTAGGAAGATTCGATAGGGACACCCGCCATCGTCGCTATGTCCTCCGCCGTCACTGAATACATCACTTCATCGGTGACAGGCTCGCTCCTCTTCACCTGGCTAATACAGGCCAGAACGATCCGCTGTTCCTGAACACTGAGGCGATACGCGGCCTCGACCAGGGCATTGCTTTTGTAAACCATTGGGGGTGAGGCCACGTTCGACATTCCTTGTGTATAAGGGGACACTGTATCTGCGTCCCACAATACAACAAATCCGTCCCTTTACAACAACAAATCCGTCCCTTCTTAACAACAAATCCGTCCCTTAATGGCAACAAATCCGTCCCTTTTTAAACTCTACAGGCCACGGATTACGTGGCCTGTAGACGTCCTAAAAGGTTTAAAAGGGAAAAGGAAGAAAAGGGTGGAAACGCAAAAAACGCACCACTACGTGGCCCCGTTGGGGCCGCATTTGTGCCCCTGAAGGGGCGGGGGAGGCGTCTGGGCAATCCCCGTTTTACCAGTCCCCTATCGCCGCCTGAGAGGGCGCAGGAAGCGAGTAATCAGGGTATCGAGGCGGATTCACCCTTGGCGTCCAACCAGCGGCACCAGCGGCGCCTGAGAGG,,,,,,,,,,,,,,
,,,,,,,,,,,,,,,,,,,,,,,,,,
,Blue text column headers are optional,,,,,,,,,,,,,,,,,,,,,,,,,
DNA Parts and Devices,Click on column headers for more information as to what to put into the column,,,,,,,,,,,,,,,,,,,,,,,,,
"Short and human friendly name for the part, e.g., ""GFP Reporter""",This is the role of the part according to the sequence ontology (see Ontology tab for full list). Select from the drop down menu or type have it validated.,Comments about design decisions. E.g. GC content or restriction sites removed,"If no changes were made use Direct, otherwise say changes that were made (can choose for drop down menu)",A description of how the part is meant to function and any information about the part that is not to do with how it was designed.,Where is the information about this part coming from? Provide a tag and e.g. AG for an Addgene plasmid. Tags found in the Source Sheet,Where is the information about this part coming from? Provide a te.g. 87906 for an Addgene plasmid. This is interpreted together with the column to the left,"Where is the genetic information coming from, e.g. gene taken from Aequorea victoria if available add in strain name too. This should match the scientific name for the txid in the next column","Where will the part be used, e.g. construct for use in Escherichia coli 98NK2. Where available include the strain name. This should match the scientific name for the txid in the next column","True if this is a final product to be produced, false if this is an intermediate stage being specified for compactness",Whether or not the part is circular. Select TRUE (circular) or FALSE (linear).,Automatically calculated length of the sequence pasted to the right. Use this column for checking there are no paste errors.,The series of ATGCs that make up the part. Spaces can be used within the sequence but no other characters.,,,,,,,,,,,,,,
Part Name,Role,Design Notes,Altered Sequence,Part Description,Data Source Prefix,Data Source ID,Source Organism,Target Organism,Final Product,Circular,length (bp),Sequence,,,,,,,,,,,,,,
BBa_B0015,terminator," Used more than 4.5k times, TWIST ok",,double terminator (B0010-B0012),iGEM registry,B0015,,Escherichia coli,True,False,129,ccaggcatcaaataaaacgaaaggctcagtcgaaagactgggcctttcgttttatctgttgtttgtcggtgaacgctctctactagagtcacactggctcaccttcgggtgggcctttctgcgtttata,iGEM registry:B0015,,,,,,,,,,,,,
Bba_B0010,terminator,TWIST ok,,T1 from E. coli rrnB,iGEM registry,B0010,Escherichia coli,Escherichia coli,True,False,80,ccaggcatcaaataaaacgaaaggctcagtcgaaagactgggcctttcgttttatctgttgtttgtcggtgaacgctctc,iGEM registry:B0010,,,,,,,,,,,,,
Bba_B0012,terminator,TWIST ok,,TE from coliphageT7,iGEM registry,B0012,,Escherichia coli,True,False,41,tcacactggctcaccttcgggtgggcctttctgcgtttata,iGEM registry:B0012,,,,,,,,,,,,,
BBa_B1006_T_U10,terminator,"99.42% efficiency (Homopolimer of more than 10 bases at the end,  TWIST noOK)",,,PubMed,PMID: 23511967,,Escherichia coli,True,False,41,AAAAAAAAACCCCGCCCCTGACAGGGCGGGGTTTTTTTTTT,PubMed:PMID: 23511967,,,,,,,,,,,,,
rnpB_T1,terminator,"99.17% efficiency, TWIST ok",,,PubMed,PMID: 23511967,,Escherichia coli,True,False,82,TCGGTCAGTTTCACCTGATTTACGTAAAAACCCGCTTCGGCGGGTTTTTGCTTTTGGAGGGGCAGAAAGATGAATGACTGTC,PubMed:PMID: 23511967,,,,,,,,,,,,,
rpoC_T,terminator,"98.99% efficiency,  TWIST ok",,,PubMed,PMID: 23511967,,Escherichia coli,True,False,83,GTAATCGTTAATCCGCAAATAACGTAAAAACCCGCTTCGGCGGGTTTTTTTATGGGGGGAGTTTAGGGAAAGAGCATTTGTCA,PubMed:PMID: 23511967,,,,,,,,,,,,,
