Collection Name,tetR Orthologs,,Blue = Do not change; Green = free text,,,,,,,,,
Authors,Traci Haddock,,,,,,,,,,,
,,,,,,,,,,,,
Collection Description,,,,,,,,,,,,
,,,,,,,,,,,,
,,,,,,,,,,,,
Example Data,,,,,,,,,,,,
J23101,Promoter,High consitutive promoter from Anderson library,,,iGEM registry,J23101,,Escherichia coli,False,False,0,
pRO1600,Engineered Region,Designed with a high GC content for higher melting points,,plasmid used to test promoter strength in  E coli,SEVA,pSEVA247Y,Aequorea victoria,Escherichia coli,True,True,1279,GTGAAAGGCAGGCCGGTCCGTGGTGGCCACGGCCTCTAGGCCAGATCCAGCGGCATCTGGGTTAGTCGAGCGCGGGCCGCTTCCCATGTCTCACCAGGGCGAGCCTGTTTCGCGATCTCAGCATCTGAAATCTTCCCGGCCTTGCGCTTCGCTGGGGCCTTACCCACCGCCTTGGCGGGCTTCTTCGGTCCAAAACTGAACAACAGATGTGTGACCTTGCGCCCGGTCTTTCGCTGCGCCCACTCCACCTGTAGCGGGCTGTGCTCGTTGATCTGCGTCACGGCTGGATCAAGCACTCGCAACTTGAAGTCCTTGATCGAGGGATACCGGCCTTCCAGTTGAAACCACTTTCGCAGCTGGTCAATTTCTATTTCGCGCTGGCCGATGCTGTCCCATTGCATGAGCAGCTCGTAAAGCCTGATCGCGTGGGTGCTGTCCATCTTGGCCACGTCAGCCAAGGCGTATTTGGTGAACTGTTTGGTGAGTTCCGTCAGGTACGGCAGCATGTCTTTGGTGAACCTGAGTTCTACACGGCCCTCACCCTCCCGGTAGATGATTGTTTGCACCCAGCCGGTAATCATCACACTCGGTCTTTTCCCCTTGCCATTGGGCTCTTGGGTTAACCGGACTTCCCGCCGTTTCAGGCGCAGGGCCGCTTCTTTGAGCTGGTTGTAGGAAGATTCGATAGGGACACCCGCCATCGTCGCTATGTCCTCCGCCGTCACTGAATACATCACTTCATCGGTGACAGGCTCGCTCCTCTTCACCTGGCTAATACAGGCCAGAACGATCCGCTGTTCCTGAACACTGAGGCGATACGCGGCCTCGACCAGGGCATTGCTTTTGTAAACCATTGGGGGTGAGGCCACGTTCGACATTCCTTGTGTATAAGGGGACACTGTATCTGCGTCCCACAATACAACAAATCCGTCCCTTTACAACAACAAATCCGTCCCTTCTTAACAACAAATCCGTCCCTTAATGGCAACAAATCCGTCCCTTTTTAAACTCTACAGGCCACGGATTACGTGGCCTGTAGACGTCCTAAAAGGTTTAAAAGGGAAAAGGAAGAAAAGGGTGGAAACGCAAAAAACGCACCACTACGTGGCCCCGTTGGGGCCGCATTTGTGCCCCTGAAGGGGCGGGGGAGGCGTCTGGGCAATCCCCGTTTTACCAGTCCCCTATCGCCGCCTGAGAGGGCGCAGGAAGCGAGTAATCAGGGTATCGAGGCGGATTCACCCTTGGCGTCCAACCAGCGGCACCAGCGGCGCCTGAGAGG
,,,,,,,,,,,,
,Blue text column headers are optional,,,,,,,,,,,
DNA Parts and Devices,Click on column headers for more information as to what to put into the column,,,,,,,,,,,
"Short and human friendly name for the part, e.g., ""GFP Reporter""",This is the role of the part according to the sequence ontology (see Ontology tab for full list). Select from the drop down menu or type have it validated.,Comments about design decisions. E.g. GC content or restriction sites removed,"If no changes were made use Direct, otherwise say changes that were made (can choose for drop down menu)",A description of how the part is meant to function and any information about the part that is not to do with how it was designed.,Where is the information about this part coming from? Provide a tag and e.g. AG for an Addgene plasmid. Tags found in the Source Sheet,Where is the information about this part coming from? Provide a te.g. 87906 for an Addgene plasmid. This is interpreted together with the column to the left,"Where is the genetic information coming from, e.g. gene taken from Aequorea victoria if available add in strain name too. This should match the scientific name for the txid in the next column","Where will the part be used, e.g. construct for use in Escherichia coli 98NK2. Where available include the strain name. This should match the scientific name for the txid in the next column","True if this is a final product to be produced, false if this is an intermediate stage being specified for compactness",Whether or not the part is circular. Select TRUE (circular) or FALSE (linear).,Automatically calculated length of the sequence pasted to the right. Use this column for checking there are no paste errors.,The series of ATGCs that make up the part. Spaces can be used within the sequence but no other characters.
Part Name,Role,Design Notes,Altered Sequence,Part Description,Data Source Prefix,Data Source ID,Source Organism,Target Organism,Final Product,Circular,length (bp),Sequence
LmrA,CDS,,,,SynBioHub,https://synbiohub.programmingbiology.org/public/Eco1C1G1T1/LmrA/1,Bacillus subtilis,Escherichia coli,False,False,0,
AmtR,CDS,,,,SynBioHub,https://synbiohub.programmingbiology.org/public/Cello_Parts/AmtR/1,Corynebacterium glutamicum,Escherichia coli,False,False,0,
SrpR,CDS,,,,SynBioHub,https://synbiohub.programmingbiology.org/public/Eco1C1G1T1/SrpR/1,Pseudomonas putida,Escherichia coli,False,False,0,
TarA,CDS,not in SynBioHub; sequence pulled from supplemental info from original paper,,,,,Streptomyces tendae,Escherichia coli,False,False,663,ATGGCACAGCAGGATCGTGCAGTTCGTACCCGTCGTGCAGTTCTGCGTGCAGCAGCAGCAGTTTTTGCAGAACGTGGTTATGCAGCAGCAACCATTAGCGAAATTCTGAAACGTGCCGGTGTTACCAAAGGTGCACTGTATTTTCACTTTGATAGCAAAGCAGCACTGGCACAGGGTGTTCTGCAAGAACAGCTGACACCGGAATATCATCTGCCTCGTGAACTGAAACTGCAAGAATGGGTTGATGCAGGTATGACCCTGGCACGTCGTCTGCCACGTGAACCGTTTCTGCTGGCAGGCGTTCGTATTAGCGCAGATCGTCCGGGTCGTGAAGTTCTGGGTAGCGCATGGCCTGCATGGTCACGTCTGACCAGCCATGTTCTGACCGAAGCAAAAAAACGTGGTGAAGTTCTGCCGCATGTTGTTCCGGAAGAAACCGCACAGGTTTTTCTGGGTGCATGGGTTGGTGCACAGTTTGTTAGCCAGACCCTGGCAGGTTGGGAAGATCTGGATGATCGTACCGCAGCACTGTATAGCCATCTGCTGGGTGCAATTGCAGCACCGCCTGTTCTGACCCGTCTGGATACCGCACCGGATCGTGGTGCACGTGTTATTGCAGAAGCACGTCGTCGTAGCGGTGATCTGAGCGGTATTGCATGTTAA
QacR,CDS,,,,SynBioHub,https://synbiohub.programmingbiology.org/public/Eco1C1G1T1/QacR/1,Staphylococcus aureus,Escherichia coli,False,False,0,
IcaRA,CDS,,,,SynBioHub,https://synbiohub.programmingbiology.org/public/Eco1C1G1T1/IcaRA/1,Staphylococcus aureus,Escherichia coli,False,False,0,
ScbR,CDS,not in SynBioHub; sequence pulled from supplemental info from original paper,,,Local Sequence File,,Streptomyces coelicolor,Escherichia coli,False,False,648,ATGGCAAAACAGGATCGTGCAATTCGTACCCGTCAGACCATTCTGGATGCAGCAGCACAGGTTTTTGAAAAACAGGGTTATCAGGCAGCAACCATTACCGAAATTCTGAAAGTTGCCGGTGTTACCAAAGGTGCACTGTATTTTCACTTTCAGAGCAAAGAAGAACTGGCACTGGGCGTTTTTGATGCACAAGAACCGCCTCAGGCAGTTCCGGAACAGCCGCTGCGTCTGCAAGAACTGATTGATATGGGTATGCTGTTTTGTCATCGTCTGCGTACCAATGTTGTTGCACGTGCCGGTGTTCGTCTGAGCATGGATCAGCAGGCACATGGTCTGGATCGTCGTGGTCCGTTTCGTCGTTGGCATGAAACCCTGCTGAAACTGCTGAATCAGGCAAAAGAAAATGGTGAACTGCTGCCGCATGTTGTTACCACCGATAGCGCAGATCTGTATGTGGGCACCTTTGCAGGTATTCAGGTTGTTAGCCAGACCGTTAGCGATTATCAGGATCTGGAACATCGTTATGCACTGCTGCAGAAACATATTCTGCCTGCAATTGCAGTTCCGAGCGTTCTGGCAGCACTGGATCTGAGCGAAGAACGTGGTGCACGTCTGGCAGCAGAACTGGCACCGACCGGTAAAGATTAA
ButR,CDS,not in SynBioHub; sequence pulled from supplemental info from original paper,,,Local Sequence File,,Streptomyces cinnamonensis,Escherichia coli,False,False,807,ATGAGCAAAGCAGCAAAAAGCAGCCGTAATACCAGTCCGGATGCACCGGAAAGCGCAGCAGGTAATCGTGCAGCAGCACAGCGTCTGAAAATGCGTCGTGAACTGGCAGCAGCAGCAATGGAACTGTTTGCAAGCAAAGGTTATaAAGCAACCACCGTTGATGAAATTGCAGCAGCAGCCGGTGTTGCACGTCGTACCTTTTTTCGTCATTTTCGTAGCAAAGAAGAAGCCATTTTTCCGGATCATGATGATACCCTGATTCGTGCCGAAGCAGTTCTGAATGCAGCACCGCCTCATGAACATCCGCTGGATACCGTTTGTCGTGGTATTAAAGAAGTGATGAAAATGTACGCAGCAAGTCCGGCAGTTAGCGTTGAACGTTATCGTCTGACCCGTGAAGTTCCGACCCTGCGTGAACGTGAAATTGCAAGCGTTGCACGTTATGAACGTCTGTTTACCCGTTATCTGCTGGGTCATTTTGATGAACATGCACATCATGATGGCAATGATGATCCGCTGCTGGCAGAAGTTGCAGCAAGCGCAGTTGTTACCGCACATAATCATGTTCTGCGTCGTTGGCTGCGTGCCGGTGGTCAGGGTGATGTTGAAACCCAGCTGGATCATGCATTTGCAATTGTTCGTCGCACCTTTGGCACCGGTATTGGTGCAGGTCGTGATACCCTGCCTGCAGCCGGTCCGGCAACCGTTAGCGCACAGGGTGAAGTTCTGGTTACCGTTGCACGTACCGATGCACCGCTGGATGAAGTTATGCGTACCATTGAAAAAGCACTGCGTGAACGCAGCTAA
PhlF,CDS,,,,SynBioHub,https://synbiohub.programmingbiology.org/public/Eco1C1G1T1/PhlF/1,Pseudomonas fluorescens,Escherichia coli,False,False,0,
SmcR,CDS,not in SynBioHub; sequence pulled from supplemental info from original paper,,,Local Sequence File,,Vibrio vulnificus,Escherichia coli,False,False,618,ATGGATAGCATTGCAAAACGTCCGCGTACCCGTCTGAGTCCGCTGAAACGTAAACAGCAGCTGATGGAAATTGCCCTGGAAGTTTTTGCACGTCGTGGTATTGGTCGTGGTGGTCATGCAGATATTGCAGAAATTGCACAGGTTAGCGTTGCAACCGTGTTTAACTATTTTCCGACCCGTGAAGATCTGGTTGATGAAGTTCTGAATCATGTTGTTCGCCAGTTTAGCAATTTCCTGAGCGATAATATCGATCTGGATCTGCATGCCAAAGAAAACATTGCCAATATTACCAACGCCATGATTGAACTGGTGGTTCAGGATAATCATTGGCTGAAAGTTTGGTTTGAATGGTCAGCAAGCACCCGTGATGAAGTTTGGCCTCTGTTTGTTACCACCAATCGTACCAATCAGCTGCTGGTTCAGAACATGTTTATCAAAGCAATTGAACGTGGCGAAGTTTGCGATCAGCATAATCCGGAAGATCTGGCAAACCTGTTTCATGGTATTTGCTATAGCCTGTTTGTTCAGGCAAATCGCACCAATAACACCGCAGAACTGAGCAAACTGGTTAGCAGCTATCTGGATATGCTGTGTATCTATAAACGCGAACACGAATAA
McbR,CDS,not in SynBioHub; sequence pulled from supplemental info from original paper,,,Local Sequence File,,Corynebacterium glutamicum,Escherichia coli,False,False,642,ATGGCAGCAAGCGCAAGCGGTAAAAGCAAAACCAGTGCCGGTGCAAATCGTCGTCGTAATCGTCCGAGTCCGCGTCAGCGTCTGCTGGATAGCGCAACCAACCTGTTTACCACCGAAGGTATTCGTGTGATTGGTATTGATCGTATTCTGCGTGAAGCAGATGTTGCAAAAGCAAGCCTGTATAGCCTGTTTGGTAGCAAAGATGCACTGGTTATTGCCTATCTGGAAAATCTGGATCAGCTGTGGCGTGAAGCATGGCGTGAACGTACCGTTGGTATGAAAGATCCGGAAGATAAAATCATTGCGTTCTTTGATCAGTGCATCGAAGAAGAACCGGAAAAAGATTTTCGCGGTAGCCATTTTCAGAATGCAGCAAGCGAATATCCGCGTCCGGAAACCGATAGCGAAAAAGGTATTGTTGCAGCAGTTCTGGAACATCGTGAATGGTGTCATAAAACCCTGACCGATCTGCTGACCGAAAAAAATGGTTATCCGGGTACAACCCAGGCAAATCAGCTGCTGGTTTTTCTGGATGGTGGTCTGGCAGGTAGCCGTCTGGTTCATAACATTAGTCCGCTGGAAACCGCACGTGATCTGGCACGTCAGCTGCTGAGCGCACCGCCTGCAGATTATAGCATTTAA
PsrA,CDS,,,,SynBioHub,https://synbiohub.programmingbiology.org/public/Eco1C1G1T1/PsrA/1,Pseudomonas putida,Escherichia coli,False,False,0,
BetI,CDS,,,,SynBioHub,https://synbiohub.programmingbiology.org/public/Eco1C1G1T1/BetI/1,Escherichia coli,Escherichia coli,False,False,0,
LitR,CDS,,,,SynBioHub,https://synbiohub.programmingbiology.org/public/Eco1C1G1T1/LitR/1,Vibrio fischeri,Escherichia coli,False,False,0,
Orf2,CDS,not in SynBioHub; sequence pulled from supplemental info from original paper,,,Local Sequence File,,Streptomyces griseus,Escherichia coli,False,False,870,ATGCAGCAGCAGCATGAAGTTGCAGCACGTGTTCGTCGTGTTATTGATGCAGCCGGTGTTAGCGCACGTGAATTTGCACGTCGTATTGTTATTGATCGTCGTAGCAGTCCGGGTCCGAGCACCGCACCGGGTGCAAGTCCGCCTCCGAATTGGCCTGGTAGCCGTACACCGGCAGCATGGACCTGGGATGGTTGTAGCGGTCTGCGTCCGGTTCGTCGTCGTCGTAGCACCGTTCGTAGCCCGAGCGCACCTCGTCTGCCTCCGGCAAGCACCGAAGGTGGTCGTCCGCTGCAGATTGTTCGTGAAACCGTTCGTCTGATTGCAGAACGTGGTTTTCATGCAGTTCGTGTTGCAGATATTGCAGCAGCATGTCATACCAGCACCGCAGCAATTCATTATCATTTTCCGGGTCGTGATGAACTGCTGGAAGCAGCAGTTCGTTGGTGTATGGATGAAGATACCCGTCGTCGTGCAGATGCAACCGCAGGCGCACGTCATGCCGGTGATGAGCTGCGTCTGCTGATTGAACTGCAGACACCGCGTACCGAACAGCAGCGTCGTCAGTGGTGTGTTTGGCTGGATCTGTGGGCAGAAGCAGCACGTAGCACCACCGTTGGTCAGCTGCATGTTGAATATTATCGTCAGTGGCGTGGCACCGTTGCAGATGTTATTCGTCGTGGTGTTGGTCAGGGTGTTTTTCGTCCGGTTGATGCAGATGGTGCAGCACTGACCCTGACCGCACTGATTGATGGTCTGGCAAGCCAGGTTCTGGCAACCGCTCCGGGTCATCCGGGTACAGGTGCACAGACCATGCATGATGCACTGATTGCACATGTTAGCGCATGTCTGGCAGCACCGGCAGCAGATTAA
HapR,CDS,not in SynBioHub; sequence pulled from supplemental info from original paper,,,Local Sequence File,,Vibrio cholerae,Escherichia coli,False,False,612,ATGGATGCAAGCATTGAAAAACGTCCGCGTACCCGTCTGAGTCCGCAGAAACGTAAACTGCAGCTGATGGAAATTGCCCTGGAAGTTTTTGCAAAACGTGGTATTGGTCGTGGTGGTCATGCAGATATTGCAGAAATTGCACAGGTTAGCGTTGCAACCGTGTTTAACTATTTTCCGACCCGTGAAGATCTGGTTGATGATGTTCTGAATTTTGTGGTTCGCCAGTATAGCAATTTTCTGACCGATCACATCGATCTGGATCTGGATGTTAAAACCAATCTGCAGACCGTTTGCAAAGAAATGGTTAAACTGGCAATGACCGATTGTCATTGGCTGAAAGTTTGGTTTGAATGGTCAGCAAGCACCCGTGATGAAGTTTGGCCTCTGTTTGTTAGCACCAATCGTACCAATCAGCTGCTGATTCGCAACATGTTTATGAAAGCAATGGAACGTGGTGAACTGTGCGAAAAACATGATGTTGATAATATGGCCAGCCTGTTTCACGGTATCTTTTATAGCATCTTTCTGCAGGTTAATCGCCTGGGTGAACAAGAAGCAGTTTATAAACTGGCAGATAGCTATCTGAACATGCTGTGCATCTATAAAAACTAA
HlyllR,CDS,not in SynBioHub; sequence pulled from supplemental info from original paper,,,Local Sequence File,,Bacillus cereus,Escherichia coli,False,False,636,ATGAAATACATCCTGTTTGAGGTGTGCGAAATGGGTAAAAGCCGTGAACAGACCATGGAAAATATTCTGAAAGCAGCCAAAAAGAAATTCGGCGAACGTGGTTATGAAGGCACCAGCATTCAAGAAATTGCCAAAGAAGCCAAAGTTAACGTTGCAATGGCCAGCTATTACTTTAATGGCAAAGAGAACCTGTACTACGAGGTGTTCAAAAAATACGGTCTGGCAAATGAACTGCCGAACTTTCTGGAAAAAAACCAGTTTAATCCGATTAATGCCCTGCGTGAATATCTGACCGTTTTTACCACCCACATTAAAGAAAATCCGGAAATTGGCACCCTGGCCTATGAAGAAATTATCAAAGAAAGCGCACGCCTGGAAAAAATCAAACCGTATTTTATCGGCAGCTTCGAACAGCTGAAAGAAATTCTGCAAGAGGGTGAAAAACAGGGTGTGTTTCACTTTTTTAGCATCAACCATACCATCCATTGGATTACCAGCATTGTTCTGTTTCCGAAATTCAAAAAATTCATCGATAGCCTGGGTCCGAATGAAACCAATGATACCAATCATGAATGGATGCCGGAAGATCTGGTTAGCCGTATTATTAGCGCACTGACCGATAAACCGAACATTTAA
AmeR,CDS,,,,SynBioHub,https://synbiohub.programmingbiology.org/public/Eco1C1G1T1/AmeR/1,Agrobacterium tumefaciens,Escherichia coli,False,False,0,
BM3R1,CDS,,,,SynBioHub,https://synbiohub.programmingbiology.org/public/Eco1C1G1T1/BM3R1/1,Bacillus megaterium,Escherichia coli,False,False,0,
pSB1C5,plasmid_vector,,,,Local Sequence File,pSB1C5,,Escherichia coli,False,True,0,
pQacR,promoter,,,,SynBioHub,https://synbiohub.programmingbiology.org/public/Eco1C1G1T1/pQacR/1,Staphylococcus aureus,Escherichia coli,False,False,0,
pAmtR,promoter, ,,,SynBioHub,https://synbiohub.programmingbiology.org/public/Eco1C1G1T1/pAmtR/1,Corynebacterium glutamicum,Escherichia coli,False,False,0,
pSrpR,promoter,,,,SynBioHub,https://synbiohub.programmingbiology.org/public/Eco1C1G1T1/pSrpR/1,Pseudomonas putida,Escherichia coli,False,False,0,
pIcaRA,promoter,,,,SynBioHub,https://synbiohub.programmingbiology.org/public/Eco1C1G1T1/pIcaRA/1,Staphylococcus aureus,Escherichia coli,False,False,0,
pPhlF,promoter,,,,SynBioHub,https://synbiohub.programmingbiology.org/public/Eco1C1G1T1/pPhlF/1,Pseudomonas fluorescens,Escherichia coli,False,False,0,
pPsrA,promoter,,,,SynBioHub,https://synbiohub.programmingbiology.org/public/Eco1C1G1T1/pPsrA/1,Pseudomonas putida,Escherichia coli,False,False,0,
pBetI,promoter,,,,SynBioHub,https://synbiohub.programmingbiology.org/public/Eco1C1G1T1/pBetI/1,Escherichia coli,Escherichia coli,False,False,0,
pLitR,promoter,,,,SynBioHub,https://synbiohub.programmingbiology.org/public/Eco1C1G1T1/pLitR/1,Vibrio fischeri,Escherichia coli,False,False,0,
pAmeR,promoter,,,,SynBioHub,https://synbiohub.programmingbiology.org/public/Eco1C1G1T1/pAmeR/1,Agrobacterium tumefaciens,Escherichia coli,False,False,0,
pBM3R1,promoter,,,,SynBioHub,https://synbiohub.programmingbiology.org/public/Eco1C1G1T1/pBM3R1/1,Bacillus megaterium,Escherichia coli,False,False,0,
pTarA,promoter,not in SynBioHub; sequence pulled from the AddGene entry for the original plasmid,,,AddGene,http://www.addgene.org/49373/sequences/,Streptomyces tendae,Escherichia coli,False,False,46,ttcgttaccaattgacagctAAACATACCGTGTGGTATGTTCtagc
pScbR,promoter,not in SynBioHub; sequence pulled from the AddGene entry for the original plasmid,,,AddGene,http://www.addgene.org/49370/sequences/,Streptomyces coelicolor,Escherichia coli,False,False,48,ttcgttaccaattgacagctagctATCATACCGCTATAATGGTATGTT
pButR,promoter,not in SynBioHub; sequence pulled from the AddGene entry for the original plasmid,,,AddGene,http://www.addgene.org/49359/sequences/,Streptomyces cinnamonensis,Escherichia coli,False,False,46,ttcGTGTCACTTTGACAGCAGTGTCACtcctaggtataatgctagc
pMcbR,promoter,not in SynBioHub; sequence pulled from the AddGene entry for the original plasmid,,,AddGene,http://www.addgene.org/49365/sequences/,Corynebacterium glutamicum,Escherichia coli,False,False,46,ttcgttaccaattgacaCTAGACCGGTCTGTCTAtataatgctagc
pOrf2,promoter,not in SynBioHub; sequence pulled from the AddGene entry for the original plasmid,,,AddGene,http://www.addgene.org/49366/sequences/,Streptomyces griseus,Escherichia coli,False,False,140,ttcgttaccaattgacaCTAACTGACGGTTCAGTTAGgttgctagctactagagaaagaggagaaatactagatggtgagccgtcaattgtctgattcgttaccaattgacactaactgctgttcagttaggttgctagc
pHapR,promoter,not in SynBioHub; sequence pulled from the AddGene entry for the original plasmid,,,AddGene,http://www.addgene.org/49360/sequences/,Vibrio cholerae,Escherichia coli,False,False,47,ttcgttaccaattgacagctagctcTTATTGATTTTTAATCAAATAA
pHlyllR,promoter,not in SynBioHub; sequence pulled from the AddGene entry for the original plasmid,,,AddGene,http://www.addgene.org/49361/sequences/,Bacillus cereus,Escherichia coli,False,False,46,ttcgttaccaattgacATATTTAAAATTCTTGTTTAAAatgctagc
pSmcR,promoter,not in SynBioHub; sequence pulled from the AddGene entry for the original plasmid,,,AddGene,http://www.addgene.org/49371/sequences/ ,Vibrio vulnificus,Escherichia coli,False,False,46,ttcgttaccaattgacaTTATTGATAAATCTGCGTAAAATgctagc
D1005,designed_sequence,Includes BsaI and fusion site,,L0 CDS 5' Flanking Region,iGEM registry,D1005,Synthetic,Escherichia coli,False,False,0,
D1006,designed_sequence,Includes BsaI and fusion site,,L0 CDS 3' Flanking Region,iGEM registry,D1006,Synthetic,Escherichia coli,False,False,0,
D1001,designed_sequence,Includes BsaI and fusion site,,L0 Promoter 5' Flanking Region,iGEM registry,D1001,Synthetic,Escherichia coli,False,False,0,
D1002,designed_sequence,Includes BsaI and fusion site,,L0 Promoter 3' Flanking Region,iGEM registry,D1002,Synthetic,Escherichia coli,False,False,0,
D2001,designed_sequence,Extra nonsense bases for synthesis,,,iGEM registry,D2001,Synthetic,,False,False,0,
D2002,designed_sequence,Extra nonsense bases for synthesis,,,iGEM registry,D2002,Synthetic,,False,False,0,
,,,,,,,,,False,False,0,
,,,,,,,,,False,False,0,
