Collection Name,RBS Collection,,Blue = Do not change; Green = free text,,,,,,,,,,,,,,,,,,,,,,,
Authors,Alejandro Vignoni,,,,,,,,,,,,,,,,,,,,,,,,,
,,,,,,,,,,,,,,,,,,,,,,,,,,
Collection Description,,,,,,,,,,,,,,,,,,,,,,,,,,
Collection of most used RBSs,,,,,,,,,,,,,,,,,,,,,,,,,,
,,,,,,,,,,,,,,,,,,,,,,,,,,
Example Data,,,,,,,,,,,,,,,,,,,,,,,,,,
J23101,Promoter,High consitutive promoter from Anderson library,,,iGEM registry,J23101,,Escherichia coli,False,False,0,,,,,,,,,,,,,,,
pRO1600,Engineered Region,Designed with a high GC content for higher melting points,,plasmid used to test promoter strength in  E coli,SEVA,pSEVA247Y,Aequorea victoria,Escherichia coli,True,True,1279,GTGAAAGGCAGGCCGGTCCGTGGTGGCCACGGCCTCTAGGCCAGATCCAGCGGCATCTGGGTTAGTCGAGCGCGGGCCGCTTCCCATGTCTCACCAGGGCGAGCCTGTTTCGCGATCTCAGCATCTGAAATCTTCCCGGCCTTGCGCTTCGCTGGGGCCTTACCCACCGCCTTGGCGGGCTTCTTCGGTCCAAAACTGAACAACAGATGTGTGACCTTGCGCCCGGTCTTTCGCTGCGCCCACTCCACCTGTAGCGGGCTGTGCTCGTTGATCTGCGTCACGGCTGGATCAAGCACTCGCAACTTGAAGTCCTTGATCGAGGGATACCGGCCTTCCAGTTGAAACCACTTTCGCAGCTGGTCAATTTCTATTTCGCGCTGGCCGATGCTGTCCCATTGCATGAGCAGCTCGTAAAGCCTGATCGCGTGGGTGCTGTCCATCTTGGCCACGTCAGCCAAGGCGTATTTGGTGAACTGTTTGGTGAGTTCCGTCAGGTACGGCAGCATGTCTTTGGTGAACCTGAGTTCTACACGGCCCTCACCCTCCCGGTAGATGATTGTTTGCACCCAGCCGGTAATCATCACACTCGGTCTTTTCCCCTTGCCATTGGGCTCTTGGGTTAACCGGACTTCCCGCCGTTTCAGGCGCAGGGCCGCTTCTTTGAGCTGGTTGTAGGAAGATTCGATAGGGACACCCGCCATCGTCGCTATGTCCTCCGCCGTCACTGAATACATCACTTCATCGGTGACAGGCTCGCTCCTCTTCACCTGGCTAATACAGGCCAGAACGATCCGCTGTTCCTGAACACTGAGGCGATACGCGGCCTCGACCAGGGCATTGCTTTTGTAAACCATTGGGGGTGAGGCCACGTTCGACATTCCTTGTGTATAAGGGGACACTGTATCTGCGTCCCACAATACAACAAATCCGTCCCTTTACAACAACAAATCCGTCCCTTCTTAACAACAAATCCGTCCCTTAATGGCAACAAATCCGTCCCTTTTTAAACTCTACAGGCCACGGATTACGTGGCCTGTAGACGTCCTAAAAGGTTTAAAAGGGAAAAGGAAGAAAAGGGTGGAAACGCAAAAAACGCACCACTACGTGGCCCCGTTGGGGCCGCATTTGTGCCCCTGAAGGGGCGGGGGAGGCGTCTGGGCAATCCCCGTTTTACCAGTCCCCTATCGCCGCCTGAGAGGGCGCAGGAAGCGAGTAATCAGGGTATCGAGGCGGATTCACCCTTGGCGTCCAACCAGCGGCACCAGCGGCGCCTGAGAGG,,,,,,,,,,,,,,
,,,,,,,,,,,,,,,,,,,,,,,,,,
,Blue text column headers are optional,,,,,,,,,,,,,,,,,,,,,,,,,
DNA Parts and Devices,Click on column headers for more information as to what to put into the column,,,,,,,,,,,,,,,,,,,,,,,,,
"Short and human friendly name for the part, e.g., ""GFP Reporter""",This is the role of the part according to the sequence ontology (see Ontology tab for full list). Select from the drop down menu or type have it validated.,Comments about design decisions. E.g. GC content or restriction sites removed,"If no changes were made use Direct, otherwise say changes that were made (can choose for drop down menu)",A description of how the part is meant to function and any information about the part that is not to do with how it was designed.,Where is the information about this part coming from? Provide a tag and e.g. AG for an Addgene plasmid. Tags found in the Source Sheet,Where is the information about this part coming from? Provide a te.g. 87906 for an Addgene plasmid. This is interpreted together with the column to the left,"Where is the genetic information coming from, e.g. gene taken from Aequorea victoria if available add in strain name too. This should match the scientific name for the txid in the next column","Where will the part be used, e.g. construct for use in Escherichia coli 98NK2. Where available include the strain name. This should match the scientific name for the txid in the next column","True if this is a final product to be produced, false if this is an intermediate stage being specified for compactness",Whether or not the part is circular. Select TRUE (circular) or FALSE (linear).,Automatically calculated length of the sequence pasted to the right. Use this column for checking there are no paste errors.,The series of ATGCs that make up the part. Spaces can be used within the sequence but no other characters.,,,,,,,,,,,,,,
Part Name,Role,Design Notes,Altered Sequence,Part Description,Data Source Prefix,Data Source ID,Source Organism,Target Organism,Final Product,Circular,length (bp),Sequence,,,,,,,,,,,,,,
BBa_B0034_m1,ribosome_entry_site,partial BioBrick scar added before and after,,B0034 for MoClo Level 0 with 7bp scar,,,,,False,False,22,agag aaagaggagaaa tactag,,,,,,,,,,,,,,
BBa_B0034_m0,ribosome_entry_site,partial BioBrick scar added before and after,,B0034 for MoClo Level 0 with 6bp scar,,,,,False,False,21,agag aaagaggagaaa tacta,,,,,,,,,,,,,,
BBa_B0033_m0,ribosome_entry_site,partial BioBrick scar added before and after,,B0033 for MoClo Level 0 with 6bp scar,,,,,False,False,20,agag tcacacaggac tacta,,,,,,,,,,,,,,
BBa_B0032_m0,ribosome_entry_site,partial BioBrick scar added before and after,,B0032 for MoClo Level 0 with 6bp scar,,,,,False,False,22,agag tcacacaggaaag tacta,,,,,,,,,,,,,,
BBa_B0031_m0,ribosome_entry_site,partial BioBrick scar added before and after,,B0031 for MoClo Level 0 with 6bp scar,,,,,False,False,23,agag tcacacaggaaacc tacta,,,,,,,,,,,,,,
BBa_B0030_m0,ribosome_entry_site,partial BioBrick scar added before and after,,B0030 for MoClo Level 0 with 6bp scar,,,,,False,False,24,agag attaaagaggagaaa tacta,,,,,,,,,,,,,,
,,,,,,,,,False,False,0,,,,,,,,,,,,,,,
BBa_Z0262,ribosome_entry_site,,,Medium strength T7.2 RBS,iGEM registry,Z0262,,,False,False,0,,,,,,,,,,,,,,,
SpoVG,ribosome_entry_site,partial BioBrick scar added before and after,,SpoVG ribosome binding site (RBS) for B. subtilis - K143021,,,,,False,False,21,agag aaaggtggtgaa tacta,,,,,,,,,,,,,,
BCD1,ribosome_entry_site,,,Bicistronic design (BCD) element,,,,,False,False,84,gggccc aagttcactt aaaaaggaga tcaacaatga aagcaatttt cgtactgaaa catcttaatc atgcacagga gactttct,,,,,,,,,,,,,,
BCD8,ribosome_entry_site,,,Bicistronic design (BCD) element,,,,,False,False,84,gggccc aagttcactt aaaaaggaga tcaacaatga aagcaatttt cgtactgaaa catcttaatc atgcatcgga ccgtttct,,,,,,,,,,,,,,
BCD12,ribosome_entry_site,,,Bicistronic design (BCD) element,,,,,False,False,84,gggccc aagttcactt aaaaaggaga tcaacaatga aagcaatttt cgtactgaaa catcttaatc atgctgcgga gggtttct,,,,,,,,,,,,,,
BCD13,ribosome_entry_site,,,Bicistronic design (BCD) element,,,,,False,False,84,gggccc aagttcactt aaaaaggaga tcaacaatga aagcaatttt cgtactgaaa catcttaatc atgcaatgga ggctttct,,,,,,,,,,,,,,
,,,,,,,,,False,False,0,,,,,,,,,,,,,,,
,,,,,,,,,False,False,0,,,,,,,,,,,,,,,
,,,,,,,,,False,False,0,,,,,,,,,,,,,,,
D2001,designed_sequence,Extra nonsense bases for synthesis,,,iGEM registry,D2001,Synthetic,,False,False,0,,,,,,,,,,,,,,,
D2002,designed_sequence,Extra nonsense bases for synthesis,,,iGEM registry,D2002,Synthetic,,False,False,0,,,,,,,,,,,,,,,
D1003,designed_sequence,Includes BsaI and fusion site,,L0 RBS 5' Flanking Region,iGEM registry,D1003,Synthetic,,False,False,0,,,,,,,,,,,,,,,
D1004,designed_sequence,Includes BsaI and fusion site,,L0 RBS 3' Flanking Region,iGEM registry,D1004,Synthetic,,False,False,0,,,,,,,,,,,,,,,
pSB1C5,plasmid_vector,,,,Local Sequence File,pSB1C5,,,False,True,0,,,,,,,,,,,,,,,
,,,,,,,,,False,False,0,,,,,,,,,,,,,,,
,,,,,,,,,False,False,0,,,,,,,,,,,,,,,
,,,,,,,,,False,False,0,,,,,,,,,,,,,,,
