Collection Name,Chromoprotein Collection,,Blue = Do not change; Green = free text,,,,,,,,,
Authors,Vinoo Selvarajah,,,,,,,,,,,
,,,,,,,,,,,,
Collection Description,,,,,,,,,,,,
"A collection of iGEM Registry chromoproteins from Team Uppsala, useful for reporters and projects that require pigments (dyes, bio-art, etc.). This collection should be expanded upon to include chromoproteins outside of the iGEM Registry, particularly newly developed ones.",,,,,,,,,,,,
,,,,,,,,,,,,
Example Data,,,,,,,,,,,,
J23101,Promoter,High consitutive promoter from Anderson library,,,iGEM registry,J23101,,Escherichia coli,False,False,0,
pRO1600,Engineered Region,Designed with a high GC content for higher melting points,,plasmid used to test promoter strength in  E coli,SEVA,pSEVA247Y,Aequorea victoria,Escherichia coli,True,True,1279,GTGAAAGGCAGGCCGGTCCGTGGTGGCCACGGCCTCTAGGCCAGATCCAGCGGCATCTGGGTTAGTCGAGCGCGGGCCGCTTCCCATGTCTCACCAGGGCGAGCCTGTTTCGCGATCTCAGCATCTGAAATCTTCCCGGCCTTGCGCTTCGCTGGGGCCTTACCCACCGCCTTGGCGGGCTTCTTCGGTCCAAAACTGAACAACAGATGTGTGACCTTGCGCCCGGTCTTTCGCTGCGCCCACTCCACCTGTAGCGGGCTGTGCTCGTTGATCTGCGTCACGGCTGGATCAAGCACTCGCAACTTGAAGTCCTTGATCGAGGGATACCGGCCTTCCAGTTGAAACCACTTTCGCAGCTGGTCAATTTCTATTTCGCGCTGGCCGATGCTGTCCCATTGCATGAGCAGCTCGTAAAGCCTGATCGCGTGGGTGCTGTCCATCTTGGCCACGTCAGCCAAGGCGTATTTGGTGAACTGTTTGGTGAGTTCCGTCAGGTACGGCAGCATGTCTTTGGTGAACCTGAGTTCTACACGGCCCTCACCCTCCCGGTAGATGATTGTTTGCACCCAGCCGGTAATCATCACACTCGGTCTTTTCCCCTTGCCATTGGGCTCTTGGGTTAACCGGACTTCCCGCCGTTTCAGGCGCAGGGCCGCTTCTTTGAGCTGGTTGTAGGAAGATTCGATAGGGACACCCGCCATCGTCGCTATGTCCTCCGCCGTCACTGAATACATCACTTCATCGGTGACAGGCTCGCTCCTCTTCACCTGGCTAATACAGGCCAGAACGATCCGCTGTTCCTGAACACTGAGGCGATACGCGGCCTCGACCAGGGCATTGCTTTTGTAAACCATTGGGGGTGAGGCCACGTTCGACATTCCTTGTGTATAAGGGGACACTGTATCTGCGTCCCACAATACAACAAATCCGTCCCTTTACAACAACAAATCCGTCCCTTCTTAACAACAAATCCGTCCCTTAATGGCAACAAATCCGTCCCTTTTTAAACTCTACAGGCCACGGATTACGTGGCCTGTAGACGTCCTAAAAGGTTTAAAAGGGAAAAGGAAGAAAAGGGTGGAAACGCAAAAAACGCACCACTACGTGGCCCCGTTGGGGCCGCATTTGTGCCCCTGAAGGGGCGGGGGAGGCGTCTGGGCAATCCCCGTTTTACCAGTCCCCTATCGCCGCCTGAGAGGGCGCAGGAAGCGAGTAATCAGGGTATCGAGGCGGATTCACCCTTGGCGTCCAACCAGCGGCACCAGCGGCGCCTGAGAGG
,,,,,,,,,,,,
,Blue text column headers are optional,,,,,,,,,,,
DNA Parts and Devices,Click on column headers for more information as to what to put into the column,,,,,,,,,,,
"Short and human friendly name for the part, e.g., ""GFP Reporter""",This is the role of the part according to the sequence ontology (see Ontology tab for full list). Select from the drop down menu or type have it validated.,Comments about design decisions. E.g. GC content or restriction sites removed,"If no changes were made use Direct, otherwise say changes that were made (can choose for drop down menu)",A description of how the part is meant to function and any information about the part that is not to do with how it was designed.,Where is the information about this part coming from? Provide a tag and e.g. AG for an Addgene plasmid. Tags found in the Source Sheet,Where is the information about this part coming from? Provide a te.g. 87906 for an Addgene plasmid. This is interpreted together with the column to the left,"Where is the genetic information coming from, e.g. gene taken from Aequorea victoria if available add in strain name too. This should match the scientific name for the txid in the next column","Where will the part be used, e.g. construct for use in Escherichia coli 98NK2. Where available include the strain name. This should match the scientific name for the txid in the next column","True if this is a final product to be produced, false if this is an intermediate stage being specified for compactness",Whether or not the part is circular. Select TRUE (circular) or FALSE (linear).,Automatically calculated length of the sequence pasted to the right. Use this column for checking there are no paste errors.,The series of ATGCs that make up the part. Spaces can be used within the sequence but no other characters.
Part Name,Role,Design Notes,Altered Sequence,Part Description,Data Source Prefix,Data Source ID,Source Organism,Target Organism,Final Product,Circular,length (bp),Sequence
aeBlue,CDS,This version is codon optimized for E coli,,,iGEM registry,K864401,Actinia equina,Escherichia coli,False,False,0,
eforRed,CDS,This version is codon optimized for E coli,,,iGEM registry,K592012,Echinopora forskaliana,Escherichia coli,False,False,0,
cjBlue,CDS,This version is codon optimized for E coli,,,iGEM registry,K592011,Cnidopus japonicus,Escherichia coli,False,False,0,
amilGFP,CDS,,,,iGEM registry,K592010,Acropora millepora,,False,False,0,
amilCP,CDS,,,,iGEM registry,K592009,Acropora millepora,,False,False,0,
asPink,CDS,This version is codon optimized for E coli,,,iGEM registry,K1033933,Anemonia sulcata,Escherichia coli,False,False,0,
spisPink,CDS,This version is codon optimized for E coli,,,iGEM registry,K1033932,Stylophora pistillata ,Escherichia coli,False,False,0,
meffBlue,CDS,This version is codon optimized for E coli,,,iGEM registry,K1033902,Montipora efflorescens,Escherichia coli,False,False,0,
gfasPurple,CDS,This version is codon optimized for E coli,,,iGEM registry,K1033919,Galaxea fascicularis,Escherichia coli,False,False,0,
amajLime,CDS,This version is codon optimized for E coli,,,iGEM registry,K1033916,Anemonia majano,Escherichia coli,False,False,0,
fwYellow,CDS,Synthetic chromoprotein from DNA 2.0,,,iGEM registry,K1033910,Synthetic,,False,False,0,
tsPurple,CDS,Synthetic chromoprotein from DNA 2.0,,,iGEM registry,K1033906,Synthetic,,False,False,0,
pSB1C3,plasmid,,,,iGEM registry,pSB1C3,,Escherichia coli,False,True,0,
,,,,,,,,,False,False,0,
,,,,,,,,,False,False,0,
,,,,,,,,,False,False,0,
,,,,,,,,,False,False,0,
,,,,,,,,,False,False,0,
,,,,,,,,,False,False,0,
,,,,,,,,,False,False,0,
,,,,,,,,,False,False,0,
,,,,,,,,,False,False,0,
,,,,,,,,,False,False,0,
,,,,,,,,,False,False,0,
