Collection Name,Open Reporters Collection,,Blue = Do not change; Green = free text,,,,,,,,,
Authors,Open Bioeconomy Lab,,,,,,,,,,,
,,,,,,,,,,,,
Collection Description,,,,,,,,,,,,
"The Open Reporter Collection includes 32 commonly used reporter genes used in all kinds of biology labs for a variety of techniques including measuring gene expression, diagnostics, verifying successful transformations and more. The collection includes chromoproteins (which produce a colour that is visible to the naked eye), fluorescent proteins (that require excitation by a certain wavelength of light and emit another wavelength), luciferases (which emit bioluminscence) and other enzymes that enable colorimetric detection of a substrate by changing its color, for example horseradish peroxidase which classically turns a chemical substrate bright pink in very common antibody-based assays such as ELISA. (taken directly from https://stanford.freegenes.org/products/open-reporter-collection#description)",,,,,,,,,,,,
,,,,,,,,,,,,
Example Data,,,,,,,,,,,,
J23101,Promoter,High consitutive promoter from Anderson library,,,iGEM registry,J23101,,Escherichia coli,False,False,0,
pRO1600,Engineered Region,Designed with a high GC content for higher melting points,,plasmid used to test promoter strength in  E coli,SEVA,pSEVA247Y,Aequorea victoria,Escherichia coli,True,True,1279,GTGAAAGGCAGGCCGGTCCGTGGTGGCCACGGCCTCTAGGCCAGATCCAGCGGCATCTGGGTTAGTCGAGCGCGGGCCGCTTCCCATGTCTCACCAGGGCGAGCCTGTTTCGCGATCTCAGCATCTGAAATCTTCCCGGCCTTGCGCTTCGCTGGGGCCTTACCCACCGCCTTGGCGGGCTTCTTCGGTCCAAAACTGAACAACAGATGTGTGACCTTGCGCCCGGTCTTTCGCTGCGCCCACTCCACCTGTAGCGGGCTGTGCTCGTTGATCTGCGTCACGGCTGGATCAAGCACTCGCAACTTGAAGTCCTTGATCGAGGGATACCGGCCTTCCAGTTGAAACCACTTTCGCAGCTGGTCAATTTCTATTTCGCGCTGGCCGATGCTGTCCCATTGCATGAGCAGCTCGTAAAGCCTGATCGCGTGGGTGCTGTCCATCTTGGCCACGTCAGCCAAGGCGTATTTGGTGAACTGTTTGGTGAGTTCCGTCAGGTACGGCAGCATGTCTTTGGTGAACCTGAGTTCTACACGGCCCTCACCCTCCCGGTAGATGATTGTTTGCACCCAGCCGGTAATCATCACACTCGGTCTTTTCCCCTTGCCATTGGGCTCTTGGGTTAACCGGACTTCCCGCCGTTTCAGGCGCAGGGCCGCTTCTTTGAGCTGGTTGTAGGAAGATTCGATAGGGACACCCGCCATCGTCGCTATGTCCTCCGCCGTCACTGAATACATCACTTCATCGGTGACAGGCTCGCTCCTCTTCACCTGGCTAATACAGGCCAGAACGATCCGCTGTTCCTGAACACTGAGGCGATACGCGGCCTCGACCAGGGCATTGCTTTTGTAAACCATTGGGGGTGAGGCCACGTTCGACATTCCTTGTGTATAAGGGGACACTGTATCTGCGTCCCACAATACAACAAATCCGTCCCTTTACAACAACAAATCCGTCCCTTCTTAACAACAAATCCGTCCCTTAATGGCAACAAATCCGTCCCTTTTTAAACTCTACAGGCCACGGATTACGTGGCCTGTAGACGTCCTAAAAGGTTTAAAAGGGAAAAGGAAGAAAAGGGTGGAAACGCAAAAAACGCACCACTACGTGGCCCCGTTGGGGCCGCATTTGTGCCCCTGAAGGGGCGGGGGAGGCGTCTGGGCAATCCCCGTTTTACCAGTCCCCTATCGCCGCCTGAGAGGGCGCAGGAAGCGAGTAATCAGGGTATCGAGGCGGATTCACCCTTGGCGTCCAACCAGCGGCACCAGCGGCGCCTGAGAGG
,,,,,,,,,,,,
,Blue text column headers are optional,,,,,,,,,,,
DNA Parts and Devices,Click on column headers for more information as to what to put into the column,,,,,,,,,,,
"Short and human friendly name for the part, e.g., ""GFP Reporter""",This is the role of the part according to the sequence ontology (see Ontology tab for full list). Select from the drop down menu or type have it validated.,Comments about design decisions. E.g. GC content or restriction sites removed,"If no changes were made use Direct, otherwise say changes that were made (can choose for drop down menu)",A description of how the part is meant to function and any information about the part that is not to do with how it was designed.,Where is the information about this part coming from? Provide a tag and e.g. AG for an Addgene plasmid. Tags found in the Source Sheet,Where is the information about this part coming from? Provide a te.g. 87906 for an Addgene plasmid. This is interpreted together with the column to the left,"Where is the genetic information coming from, e.g. gene taken from Aequorea victoria if available add in strain name too. This should match the scientific name for the txid in the next column","Where will the part be used, e.g. construct for use in Escherichia coli 98NK2. Where available include the strain name. This should match the scientific name for the txid in the next column","True if this is a final product to be produced, false if this is an intermediate stage being specified for compactness",Whether or not the part is circular. Select TRUE (circular) or FALSE (linear).,Automatically calculated length of the sequence pasted to the right. Use this column for checking there are no paste errors.,The series of ATGCs that make up the part. Spaces can be used within the sequence but no other characters.
Part Name,Role,Design Notes,Altered Sequence,Part Description,Data Source Prefix,Data Source ID,Source Organism,Target Organism,Final Product,Circular,length (bp),Sequence
,,,,,,,,,False,False,0,
cjBlue/ BioBrick K592011,CDS,Takend from Open Reports Collection at FreeGenes,Direct,cjBlue/ BioBrick K592011,URL for GenBank file,https://freegenes.github.io/genbank/BBF10K_003331.gb,,Escherichia coli,False,True,0,
gfasPurple/gfasCP Biobrick K1033918,CDS,Takend from Open Reports Collection at FreeGenes,Direct,gfasPurple/gfasCP Biobrick K1033918,URL for GenBank file,https://freegenes.github.io/genbank/BBF10K_003335.gb,,Escherichia coli,False,True,0,
meffCP,CDS,Takend from Open Reports Collection at FreeGenes,Direct,meffCP,URL for GenBank file,https://freegenes.github.io/genbank/BBF10K_003338.gb,,Escherichia coli,False,True,0,
meffCFP,CDS,Takend from Open Reports Collection at FreeGenes,Direct,meffCFP,URL for GenBank file,https://freegenes.github.io/genbank/BBF10K_003342.gb,,Escherichia coli,False,True,0,
mmilCFP,CDS,Takend from Open Reports Collection at FreeGenes,Direct,mmilCFP,URL for GenBank file,https://freegenes.github.io/genbank/BBF10K_003343.gb,,Escherichia coli,False,True,0,
meleCFP,CDS,Takend from Open Reports Collection at FreeGenes,Direct,meleCFP,URL for GenBank file,https://freegenes.github.io/genbank/BBF10K_003344.gb,,Escherichia coli,False,True,0,
efasCFP,CDS,Takend from Open Reports Collection at FreeGenes,Direct,efasCFP,URL for GenBank file,https://freegenes.github.io/genbank/BBF10K_003345.gb,,Escherichia coli,False,True,0,
aacuGFP1,CDS,Takend from Open Reports Collection at FreeGenes,Direct,aacuGFP1,URL for GenBank file,https://freegenes.github.io/genbank/BBF10K_003346.gb,,Escherichia coli,False,True,0,
aacuGFP2,CDS,Takend from Open Reports Collection at FreeGenes,Direct,aacuGFP2,URL for GenBank file,https://freegenes.github.io/genbank/BBF10K_003347.gb,,Escherichia coli,False,True,0,
afraGFP,CDS,Takend from Open Reports Collection at FreeGenes,Direct,afraGFP,URL for GenBank file,https://freegenes.github.io/genbank/BBF10K_003348.gb,,Escherichia coli,False,True,0,
amilGFP Biobrick K592010,CDS,Takend from Open Reports Collection at FreeGenes,Direct,amilGFP Biobrick K592010,URL for GenBank file,https://freegenes.github.io/genbank/BBF10K_003349.gb,,Escherichia coli,False,True,0,
eechGFP1,CDS,Takend from Open Reports Collection at FreeGenes,Direct,eechGFP1,URL for GenBank file,https://freegenes.github.io/genbank/BBF10K_003350.gb,,Escherichia coli,False,True,0,
eechGFP2,CDS,Takend from Open Reports Collection at FreeGenes,Direct,eechGFP2,URL for GenBank file,https://freegenes.github.io/genbank/BBF10K_003351.gb,,Escherichia coli,False,True,0,
eechGFP3,CDS,Takend from Open Reports Collection at FreeGenes,Direct,eechGFP3,URL for GenBank file,https://freegenes.github.io/genbank/BBF10K_003352.gb,,Escherichia coli,False,True,0,
efasGFP,CDS,Takend from Open Reports Collection at FreeGenes,Direct,efasGFP,URL for GenBank file,https://freegenes.github.io/genbank/BBF10K_003353.gb,,Escherichia coli,False,True,0,
gfasGFP,CDS,Takend from Open Reports Collection at FreeGenes,Direct,gfasGFP,URL for GenBank file,https://freegenes.github.io/genbank/BBF10K_003354.gb,,Escherichia coli,False,True,0,
palmGFP,CDS,Takend from Open Reports Collection at FreeGenes,Direct,palmGFP,URL for GenBank file,https://freegenes.github.io/genbank/BBF10K_003355.gb,,Escherichia coli,False,True,0,
amilRFP,CDS,Takend from Open Reports Collection at FreeGenes,Direct,amilRFP,URL for GenBank file,https://freegenes.github.io/genbank/BBF10K_003357.gb,,Escherichia coli,False,True,0,
meffRed/meffRFP Biobricks K592012,CDS,Takend from Open Reports Collection at FreeGenes,Direct,meffRed/meffRFP Biobricks K592012,URL for GenBank file,https://freegenes.github.io/genbank/BBF10K_003358.gb,,Escherichia coli,False,True,0,
pporRFP,CDS,Takend from Open Reports Collection at FreeGenes,Direct,pporRFP,URL for GenBank file,https://freegenes.github.io/genbank/BBF10K_003359.gb,,Escherichia coli,False,True,0,
meleRFP,CDS,Takend from Open Reports Collection at FreeGenes,Direct,meleRFP,URL for GenBank file,https://freegenes.github.io/genbank/BBF10K_003360.gb,,Escherichia coli,False,True,0,
scubRFP,CDS,Takend from Open Reports Collection at FreeGenes,Direct,scubRFP,URL for GenBank file,https://freegenes.github.io/genbank/BBF10K_003361.gb,,Escherichia coli,False,True,0,
eforRed/eforCP Biobrick K592012,CDS,Takend from Open Reports Collection at FreeGenes,Direct,eforRed/eforCP Biobrick K592012,URL for GenBank file,https://freegenes.github.io/genbank/BBF10K_003362.gb,,Escherichia coli,False,True,0,
amajLime/amajCFP/amFP486 BioBrick K1033916,CDS,Takend from Open Reports Collection at FreeGenes,Direct,amajLime/amajCFP/amFP486 BioBrick K1033916,URL for GenBank file,https://freegenes.github.io/genbank/BBF10K_003364.gb,,Escherichia coli,False,True,0,
EiraCFP Biobrick J97000,CDS,Takend from Open Reports Collection at FreeGenes,Direct,EiraCFP Biobrick J97000,URL for GenBank file,https://freegenes.github.io/genbank/BBF10K_003365.gb,,Escherichia coli,False,True,0,
HRP,CDS,Takend from Open Reports Collection at FreeGenes,Direct,HRP,URL for GenBank file,https://freegenes.github.io/genbank/BBF10K_003367.gb,,Escherichia coli,False,True,0,
Firefly Luciferase [Photinus pyralis] (Fluc),CDS,Takend from Open Reports Collection at FreeGenes,Direct,Firefly Luciferase [Photinus pyralis] (Fluc),URL for GenBank file,https://freegenes.github.io/genbank/BBF10K_003368.gb,,Escherichia coli,False,True,0,
Luciferase [Luciola cruciata] (Japanese firefly),CDS,Takend from Open Reports Collection at FreeGenes,Direct,Luciferase [Luciola cruciata] (Japanese firefly),URL for GenBank file,https://freegenes.github.io/genbank/BBF10K_003369.gb,,Escherichia coli,False,True,0,
Renilla luciferase,CDS,Takend from Open Reports Collection at FreeGenes,Direct,Renilla luciferase,URL for GenBank file,https://freegenes.github.io/genbank/BBF10K_003370.gb,,Escherichia coli,False,True,0,
beta-lactamase,CDS,Takend from Open Reports Collection at FreeGenes,Direct,beta-lactamase,URL for GenBank file,https://freegenes.github.io/genbank/BBF10K_003371.gb,,Escherichia coli,False,True,0,
CIAP,CDS,Takend from Open Reports Collection at FreeGenes,Direct,CIAP,URL for GenBank file,https://freegenes.github.io/genbank/BBF10K_003372.gb,,Escherichia coli,False,True,0,
,,,,,,,,,False,False,0,
,,,,,,,,,False,False,0,
,,,,,,,,,False,False,0,
,,,,,,,,,False,False,0,
