Collection Name,Open Yeast Collection,,Blue = Do not change; Green = free text,,,,,,,,,
Authors,"Scott Pownall, Isaac Larkin",,,,,,,,,,,
,,,,,,,,,,,,
Collection Description,,,,,,,,,,,,
"Currently, there are no truly free open source synthetic biology toolkits for engineering yeast. This inhibits innovation and restricts access to these powerful organisms as platforms for biotechnology. The Open Yeast Collection is a free and open DNA toolkit for engineering Saccharomyces cerevisiae and Pichia pastoris, enabling anyone to have a complete and robust toolkit to build new metabolic pathways or produce enzymes and proteins of interest.",,,,,,,,,,,,
,,,,,,,,,,,,
Example Data,,,,,,,,,,,,
J23101,Promoter,High consitutive promoter from Anderson library,,,iGEM registry,J23101,,Escherichia coli,False,False,0,
pRO1600,Engineered Region,Designed with a high GC content for higher melting points,,plasmid used to test promoter strength in  E coli,SEVA,pSEVA247Y,Aequorea victoria,Escherichia coli,True,True,1279,GTGAAAGGCAGGCCGGTCCGTGGTGGCCACGGCCTCTAGGCCAGATCCAGCGGCATCTGGGTTAGTCGAGCGCGGGCCGCTTCCCATGTCTCACCAGGGCGAGCCTGTTTCGCGATCTCAGCATCTGAAATCTTCCCGGCCTTGCGCTTCGCTGGGGCCTTACCCACCGCCTTGGCGGGCTTCTTCGGTCCAAAACTGAACAACAGATGTGTGACCTTGCGCCCGGTCTTTCGCTGCGCCCACTCCACCTGTAGCGGGCTGTGCTCGTTGATCTGCGTCACGGCTGGATCAAGCACTCGCAACTTGAAGTCCTTGATCGAGGGATACCGGCCTTCCAGTTGAAACCACTTTCGCAGCTGGTCAATTTCTATTTCGCGCTGGCCGATGCTGTCCCATTGCATGAGCAGCTCGTAAAGCCTGATCGCGTGGGTGCTGTCCATCTTGGCCACGTCAGCCAAGGCGTATTTGGTGAACTGTTTGGTGAGTTCCGTCAGGTACGGCAGCATGTCTTTGGTGAACCTGAGTTCTACACGGCCCTCACCCTCCCGGTAGATGATTGTTTGCACCCAGCCGGTAATCATCACACTCGGTCTTTTCCCCTTGCCATTGGGCTCTTGGGTTAACCGGACTTCCCGCCGTTTCAGGCGCAGGGCCGCTTCTTTGAGCTGGTTGTAGGAAGATTCGATAGGGACACCCGCCATCGTCGCTATGTCCTCCGCCGTCACTGAATACATCACTTCATCGGTGACAGGCTCGCTCCTCTTCACCTGGCTAATACAGGCCAGAACGATCCGCTGTTCCTGAACACTGAGGCGATACGCGGCCTCGACCAGGGCATTGCTTTTGTAAACCATTGGGGGTGAGGCCACGTTCGACATTCCTTGTGTATAAGGGGACACTGTATCTGCGTCCCACAATACAACAAATCCGTCCCTTTACAACAACAAATCCGTCCCTTCTTAACAACAAATCCGTCCCTTAATGGCAACAAATCCGTCCCTTTTTAAACTCTACAGGCCACGGATTACGTGGCCTGTAGACGTCCTAAAAGGTTTAAAAGGGAAAAGGAAGAAAAGGGTGGAAACGCAAAAAACGCACCACTACGTGGCCCCGTTGGGGCCGCATTTGTGCCCCTGAAGGGGCGGGGGAGGCGTCTGGGCAATCCCCGTTTTACCAGTCCCCTATCGCCGCCTGAGAGGGCGCAGGAAGCGAGTAATCAGGGTATCGAGGCGGATTCACCCTTGGCGTCCAACCAGCGGCACCAGCGGCGCCTGAGAGG
,,,,,,,,,,,,
,Blue text column headers are optional,,,,,,,,,,,
DNA Parts and Devices,Click on column headers for more information as to what to put into the column,,,,,,,,,,,
"Short and human friendly name for the part, e.g., ""GFP Reporter""",This is the role of the part according to the sequence ontology (see Ontology tab for full list). Select from the drop down menu or type have it validated.,Comments about design decisions. E.g. GC content or restriction sites removed,"If no changes were made use Direct, otherwise say changes that were made (can choose for drop down menu)",A description of how the part is meant to function and any information about the part that is not to do with how it was designed.,Where is the information about this part coming from? Provide a tag and e.g. AG for an Addgene plasmid. Tags found in the Source Sheet,Where is the information about this part coming from? Provide a te.g. 87906 for an Addgene plasmid. This is interpreted together with the column to the left,"Where is the genetic information coming from, e.g. gene taken from Aequorea victoria if available add in strain name too. This should match the scientific name for the txid in the next column","Where will the part be used, e.g. construct for use in Escherichia coli 98NK2. Where available include the strain name. This should match the scientific name for the txid in the next column","True if this is a final product to be produced, false if this is an intermediate stage being specified for compactness",Whether or not the part is circular. Select TRUE (circular) or FALSE (linear).,Automatically calculated length of the sequence pasted to the right. Use this column for checking there are no paste errors.,The series of ATGCs that make up the part. Spaces can be used within the sequence but no other characters.
Part Name,Role,Design Notes,Altered Sequence,Part Description,Data Source Prefix,Data Source ID,Source Organism,Target Organism,Final Product,Circular,length (bp),Sequence
Sc-pAdh1,promoter,Taken from open yeast collection,Direct,S. cerevisiae Adh promoter using standard Freegenes syntax,Local Sequence File,BBF10K_000034.gb,S. cerevisiae,yeast,False,True,0,
Sc-pCCW12,promoter,Taken from open yeast collection,Direct,S. cerevisiae CCW12 strong promoter using standard Freegenes syntax,Local Sequence File,BBF10K_000037.gb,S. cerevisiae,yeast,False,True,0,
Sc-pCUP1,promoter,Taken from open yeast collection,Direct,S. cerevisiae CUP1 inducible promoter using standard Freegenes syntax,Local Sequence File,BBF10K_000039.gb,S. cerevisiae,yeast,False,True,0,
Sc-pCYC1,promoter,Taken from open yeast collection,Direct,S. cerevisiae CYC1 promoter using standard Freegenes syntax,Local Sequence File,BBF10K_000046.gb,S. cerevisiae,yeast,False,True,0,
Sc-pGAL1,promoter,Taken from open yeast collection,Direct,S. cerevisiae GAL1 inducible promoter using standard Freegenes syntax,,https://freegenes.github.io/genbank/BBF10K_000059.gb,S. cerevisiae,yeast,False,True,2787,taactatcgtcttgagtccaacccggtaagacacgacttatcgccactggcagcagccactggtaacaggattagcagagcgaggtatgtaggcggtgctacagagttcttgaagtggtggcctaactacggctacactagaagaacagtatttggtatctgcgctctgctgaagccagttaccttcggaaaaagagttggtagctcttgatccggcaaacaaaccaccgctggtagcggtggtttttttgtttgcaagcagcagattacgcgcagaaaaaaaggatctcaagaaggcctactattagcaacaacgatcctttgatcttttctacggggtctgacgctcagtggaacgaaaactcacgttaagggattttggtcatgagattatcaaaaaggatcttcacctagatccttttaaattaaaaatgaagttttaaatcaatctaaagtatatatgagtaaacttggtctgacagttaccaatgcttaatcagtgaggcacctatctcagcgatctgtctatttcgttcatccatagttgcctgactccccgtcgtgtagataactacgatacgggagggcttaccatctggccccagtgctgcaatgataccgcgagaaccacgctcaccggctccagatttatcagcaataaaccagccagccggaagggccgagcgcagaagtggtcctgcaactttatccgcctccatccagtctattaattgttgccgggaagctagagtaagtagttcgccagttaatagtttgcgcaacgttgttgccattgctacaggcatcgtggtgtcacgctcgtcgtttggtatggcttcattcagctccggttcccaacgatcaaggcgagttacatgatcccccatgttgtgcaaaaaagcggttagctccttcggtcctccgatcgttgtcagaagtaagttggccgcagtgttatcactcatggttatggcagcactgcataattctcttactgtcatgccatccgtaagatgcttttctgtgactggtgagtactcaaccaagtcattctgagaatagtgtatgcggcgaccgagttgctcttgcccggcgtcaatacgggataataccgcgccacatagcagaactttaaaagtgctcatcattggaaaacgttcttcggggcgaaaactctcaaggatcttaccgctgttgagatccagttcgatgtaacccactcgtgcacccaactgatcttcagcatcttttactttcaccagcgtttctgggtgagcaaaaacaggaaggcaaaatgccgcaaaaaagggaataagggcgacacggaaatgttgaatactcatactcttcctttttcaatattattgaagcatttatcagggttattgtctcatgagcggatacatatttgaatgtatttagaaaaataaacaaataggggttccgcgcacctgcaccagtcagtaaaacgacggccagtagtcaaaagcctccgaccggaggcttttgacttggttcaggtggagtgggagtagtcttcaacgatgatgctcactctcgggtctctggaggccccattatcttagcctaaaaaaaccttctctttggaactttcagtaatacgcttaactgctcattgctatattgaagtacggattagaagccgccgagcgggcgacagccctccgacggatgactctcctccgtgcagagacgaatagtgtgcactcttacgacgacagtagcgatatcctcgtctcagtgcgtcctcgtcatcaccggtcgcgttcctgaaacgcagatgtgcctcgcgccgcactgctccgaacaataaagattctacaatactagcttttatggttatgaagaggaaaaattggcagtaacctggccccacaaaccttcaaattaacgaatcaaattaacaaccataggatgataatgcgattagttttttagccttatttctggggtaattaatcagcgaagcgttgatttttgatctattaacagatatataaatggaaaagctgcataaccactttaactaatactttcaacattttcagtttgtattacttcttattcaaaccgtcttctcaggtggagtgagagcgtttaaacactagtgaagaccccaaatgtcataaaagtatcaacaaaaaattgttaatatacctctatactttaacgtcaaggagaaaaaactataaaatgtgagaccactagtacgagatgatgcaccgatagacgggtgaagtgtgtcgcacctagggataacagggtaatagcggatgacaggtggagcgtgaagaccacgctgaggtgtcaatcgtcggagccgctgagcaataactagcataaccccttggggcctctaaacgggtcttgaggggttttttgcatggtcatagctgtttcctgagagcttggcaggtgatgacacacattaacaaatttcgtgaggagtctccagaagaatgccattaatttccataggctccgcccccctgacgagcatcacaaaaatcgacgctcaagtcagaggtggcgaaacccgacaggactataaagataccaggcgtttccccctggaagctccctcgtgcgctctcctgttccgaccctgccgcttaccggatacctgtccgcctttctcccttcgggaagcgtggcgctttctcatagctcacgctgtaggtatctcagttcggtgtaggtcgttcgctccaagctgggctgtgtgcacgaaccccccgttcagcccgaccgctgcgccttatccgg
Sc-pHis3,promoter,Taken from open yeast collection,Direct,S. cerevisiae His3 promoter using standard Freegenes syntax,Local Sequence File,BBF10K_000068.gb,S. cerevisiae,yeast,False,True,0,
Sc-pLeu2,promoter,Taken from open yeast collection,Direct,S. cerevisiae Leu2 promoter using standard Freegenes syntax,Local Sequence File,BBF10K_000078.gb,S. cerevisiae,yeast,False,True,0,
Sc-pMF2,promoter,Taken from open yeast collection,Direct,S. cerevisiae MF2 promoter using standard Freegenes syntax,Local Sequence File,BBF10K_000079.gb,S. cerevisiae,yeast,False,True,0,
Sc-pMFA1,promoter,Taken from open yeast collection,Direct,S. cerevisiae MFA1 promoter using standard Freegenes syntax,Local Sequence File,BBF10K_000084.gb,S. cerevisiae,yeast,False,True,0,
Sc-pMFalpha2,promoter,Taken from open yeast collection,Direct,S. cerevisiae MFalpha2 promoter using standard Freegenes syntax,Local Sequence File,BBF10K_000094.gb,S. cerevisiae,yeast,False,True,0,
Sc-pRPL18B,promoter,Taken from open yeast collection,Direct,S. cerevisiae RPL18B promoter using standard Freegenes syntax,Local Sequence File,BBF10K_000106.gb,S. cerevisiae,yeast,False,True,0,
Sc-pSAC6,promoter,Taken from open yeast collection,Direct,S. cerevisiae SAC6 promoter using standard Freegenes syntax,Local Sequence File,BBF10K_000107.gb,S. cerevisiae,yeast,False,True,0,
Sc-pSte5,promoter,Taken from open yeast collection,Direct,S. cerevisiae Ste5 promoter using standard Freegenes syntax,Local Sequence File,BBF10K_000129.gb,S. cerevisiae,yeast,False,True,0,
Sc-pTDH3,promoter,Taken from open yeast collection,Direct,S. cerevisiae TDH3 promoter using standard Freegenes syntax,Local Sequence File,BBF10K_000134.gb,S. cerevisiae,yeast,False,True,0,
Sc-pTrp1,promoter,Taken from open yeast collection,Direct,S. cerevisiae Trp1 promoter using standard Freegenes syntax,Local Sequence File,BBF10K_000151.gb,S. cerevisiae,yeast,False,True,0,
Sc-pUra3,promoter,Taken from open yeast collection,Direct,S. cerevisiae Ura3 promoter using standard Freegenes syntax,Local Sequence File,BBF10K_000152.gb,S. cerevisiae,yeast,False,True,0,
AB_Sc-pCCW12,promoter,Taken from open yeast collection,Direct,S. cerevisiae CCW12 strong promoter using enhanced (AB) Freegenes syntax,Local Sequence File,BBF10K_000163.gb,S. cerevisiae,yeast,False,True,0,
AB_Sc-pCYC1,promoter,Taken from open yeast collection,Direct,S. cerevisiae CYC1 promoter using enhanced (AB) Freegenes syntax,Local Sequence File,BBF10K_000167.gb,S. cerevisiae,yeast,False,True,0,
AB_Sc-pGAL1,promoter,Taken from open yeast collection,Direct,S. cerevisiae GAL1 inducible promoter using enhanced (AB) Freegenes syntax,,https://freegenes.github.io/genbank/BBF10K_000171.gb,S. cerevisiae,yeast,False,True,2787,taactatcgtcttgagtccaacccggtaagacacgacttatcgccactggcagcagccactggtaacaggattagcagagcgaggtatgtaggcggtgctacagagttcttgaagtggtggcctaactacggctacactagaagaacagtatttggtatctgcgctctgctgaagccagttaccttcggaaaaagagttggtagctcttgatccggcaaacaaaccaccgctggtagcggtggtttttttgtttgcaagcagcagattacgcgcagaaaaaaaggatctcaagaaggcctactattagcaacaacgatcctttgatcttttctacggggtctgacgctcagtggaacgaaaactcacgttaagggattttggtcatgagattatcaaaaaggatcttcacctagatccttttaaattaaaaatgaagttttaaatcaatctaaagtatatatgagtaaacttggtctgacagttaccaatgcttaatcagtgaggcacctatctcagcgatctgtctatttcgttcatccatagttgcctgactccccgtcgtgtagataactacgatacgggagggcttaccatctggccccagtgctgcaatgataccgcgagaaccacgctcaccggctccagatttatcagcaataaaccagccagccggaagggccgagcgcagaagtggtcctgcaactttatccgcctccatccagtctattaattgttgccgggaagctagagtaagtagttcgccagttaatagtttgcgcaacgttgttgccattgctacaggcatcgtggtgtcacgctcgtcgtttggtatggcttcattcagctccggttcccaacgatcaaggcgagttacatgatcccccatgttgtgcaaaaaagcggttagctccttcggtcctccgatcgttgtcagaagtaagttggccgcagtgttatcactcatggttatggcagcactgcataattctcttactgtcatgccatccgtaagatgcttttctgtgactggtgagtactcaaccaagtcattctgagaatagtgtatgcggcgaccgagttgctcttgcccggcgtcaatacgggataataccgcgccacatagcagaactttaaaagtgctcatcattggaaaacgttcttcggggcgaaaactctcaaggatcttaccgctgttgagatccagttcgatgtaacccactcgtgcacccaactgatcttcagcatcttttactttcaccagcgtttctgggtgagcaaaaacaggaaggcaaaatgccgcaaaaaagggaataagggcgacacggaaatgttgaatactcatactcttcctttttcaatattattgaagcatttatcagggttattgtctcatgagcggatacatatttgaatgtatttagaaaaataaacaaataggggttccgcgcacctgcaccagtcagtaaaacgacggccagtagtcaaaagcctccgaccggaggcttttgacttggttcaggtggagtgggagtagtcttcaacgatgatgctcactctcgggtctctggaggccccattatcttagcctaaaaaaaccttctctttggaactttcagtaatacgcttaactgctcattgctatattgaagtacggattagaagccgccgagcgggcgacagccctccgacggatgactctcctccgtgcagagacgaatagtgtgcactcttacgacgacagtagcgatatcctcgtctcagtgcgtcctcgtcatcaccggtcgcgttcctgaaacgcagatgtgcctcgcgccgcactgctccgaacaataaagattctacaatactagcttttatggttatgaagaggaaaaattggcagtaacctggccccacaaaccttcaaattaacgaatcaaattaacaaccataggatgataatgcgattagttttttagccttatttctggggtaattaatcagcgaagcgttgatttttgatctattaacagatatataaatggaaaagctgcataaccactttaactaatactttcaacattttcagtttgtattacttcttattcaaaccgtcttctcaggtggagtgagagcgtttaaacactagtgaagaccccaaatgtcataaaagtatcaacaaaaaattgttaatatacctctatactttaacgtcaaggagaaaaaactataatacttgagaccactagtacgagatgatgcaccgatagacgggtgaagtgtgtcgcacctagggataacagggtaatagcggatgacaggtggagcgtgaagaccacgctgaggtgtcaatcgtcggagccgctgagcaataactagcataaccccttggggcctctaaacgggtcttgaggggttttttgcatggtcatagctgtttcctgagagcttggcaggtgatgacacacattaacaaatttcgtgaggagtctccagaagaatgccattaatttccataggctccgcccccctgacgagcatcacaaaaatcgacgctcaagtcagaggtggcgaaacccgacaggactataaagataccaggcgtttccccctggaagctccctcgtgcgctctcctgttccgaccctgccgcttaccggatacctgtccgcctttctcccttcgggaagcgtggcgctttctcatagctcacgctgtaggtatctcagttcggtgtaggtcgttcgctccaagctgggctgtgtgcacgaaccccccgttcagcccgaccgctgcgccttatccgg
AB_Pp-pGAP,promoter,Taken from open yeast collection,Direct,Pichia GAP Promoter using enhanced (AB) Freegenes syntax,Local Sequence File,BBF10K_000180.gb,P. pastoris,P. pastoris,False,True,0,
AB_Pp-pAOX1,promoter,Taken from open yeast collection,Direct,Pichia AOX1 Promoter using enhanced (AB) Freegenes syntax,Local Sequence File,BBF10K_000181.gb,P. pastoris,P. pastoris,False,True,0,
ScLYS2,CDS,Taken from open yeast collection,Direct,Complements lysine auxotrophy,Local Sequence File,BBF10K_000195.gb,S. cerevisiae,S. cerevisiae,False,True,0,
ScMET17,CDS,Taken from open yeast collection,Direct,Complements methionine auxotrophy,Local Sequence File,BBF10K_000196.gb,S. cerevisiae,S. cerevisiae,False,True,0,
ScAUR1,CDS,Taken from open yeast collection,Direct,Confers aureobasidin resistance,Local Sequence File,BBF10K_000199.gb,S. cerevisiae,S. cerevisiae,False,True,0,
Cre,CDS,Taken from open yeast collection,Direct,"For Cre-LoxP recombination, Cre recombinase is a tyrosine recombinase enzyme derived from the P1 bacteriophage.",Local Sequence File,BBF10K_000207.gb,P1 bacteriophage,yeast,False,True,0,
FLP,CDS,Taken from open yeast collection,Direct,For FLP-FRT recombinase,Local Sequence File,BBF10K_000210.gb,S. cerevisiae,yeast,False,True,0,
GPP synthase,CDS,Taken from open yeast collection,Direct,Geranyl pyrophosphate (GPP) synthase produces geranyl pyrophosphate (GPP) from DMAPP and IPP. GPP is the universal C10 precursor of the monoterpenes.,Local Sequence File,BBF10K_000211.gb,Mentha x piperita,yeast,False,True,0,
GGPP synthase,CDS,Taken from open yeast collection,Direct,Geranylgeranyl diphosphate (GGPP) synthase catalyzes the synthesis of Geranylgeranyl diphosphate (GGPP) from farnesyl diphosphate and isopentenyl diphosphate.,Local Sequence File,BBF10K_000217.gb,Pantoea ananatis,yeast,False,True,0,
FPP synthase,CDS,Taken from open yeast collection,Direct,Farnesyl pyrophosphate synthase,Local Sequence File,BBF10K_000227.gb,Helianthus annuus,yeast,False,True,0,
4S-limonene-synthase,CDS,Taken from open yeast collection,Direct,"4S-limonene-synthase (EC 4.2.3.16) catalyzes the cyclization of geranyl diphosphate to (‚àí)-(4S)-limonene. Limonene is a relatively stable colorless liquid aliphatic hydrocarbon classified as a cyclic monoterpene, and is the is a major component of the aromatic scents such as in the oil of citrus fruit peels.",Local Sequence File,BBF10K_000238.gb,Mentha spicata,yeast,False,True,0,
limonene-3-hydroxylase,CDS,Taken from open yeast collection,Direct,"(‚àí)-Limonene-3-hydroxylase (L3OH), using O2 and NADPH, catalyzes the allylic hydroxylation of (‚àí)-limonene at the 3 position to (‚àí)-trans-isopiperitenol.",Local Sequence File,BBF10K_000243.gb,Mentha spicata,yeast,False,True,0,
S-linalool synthase,CDS,Taken from open yeast collection,Direct,Linalool synthase (LIS) produces (S)-linalool from geranyl diphosphate and water. Linalool is a naturally occurring terpene alcohol found in many flowers and spice plants.,Local Sequence File,BBF10K_000246.gb,Clarkia breweri,yeast,False,True,0,
carveol dehydrogenase,CDS,Taken from open yeast collection,Direct,"(-)-isopiperitenol/(-)-carveol dehydrogenase is capable of utilizing (‚àí)-trans-isopiperitenol in peppermint and (‚àí)-trans-carveol in spearmint. Carveol is a natural unsaturated, monocyclic monoterpenoid alcohol that is a constituent of spearmint essential oil in the form of cis-(‚àí)-carveol.",Local Sequence File,BBF10K_000256.gb,Mentha piperita,yeast,False,True,0,
R-limonene synthase,CDS,Taken from open yeast collection,Direct,"(R)-limonene synthase (EC 4.2.3.20) catalyzes the synthesis of (+)-(4R)-limonene from GPP. This enzyme occurs in Citrus, Carum (caraway) and Anethum (dill).",,https://freegenes.github.io/genbank/BBF10K_000264.gb,,yeast,False,True,3948,CGCTGAGGTGTCAATCGTCGGAGCCGCTGAGCAATAACTAGCATAACCCCTTGGGGCCTCTAAACGGGTCTTGAGGGGTTTTTTGCATGGTCATAGCTGTTTCCTGAGAGCTTGGCAGGTGATGACACACATTAACAAATTTCGTGAGGAGTCTCCAGAAGAATGCCATTAATTTCCATAGGCTCCGCCCCCCTGACGAGCATCACAAAAATCGACGCTCAAGTCAGAGGTGGCGAAACCCGACAGGACTATAAAGATACCAGGCGTTTCCCCCTGGAAGCTCCCTCGTGCGCTCTCCTGTTCCGACCCTGCCGCTTACCGGATACCTGTCCGCCTTTCTCCCTTCGGGAAGCGTGGCGCTTTCTCATAGCTCACGCTGTAGGTATCTCAGTTCGGTGTAGGTCGTTCGCTCCAAGCTGGGCTGTGTGCACGAACCCCCCGTTCAGCCCGACCGCTGCGCCTTATCCGGTAACTATCGTCTTGAGTCCAACCCGGTAAGACACGACTTATCGCCACTGGCAGCAGCCACTGGTAACAGGATTAGCAGAGCGAGGTATGTAGGCGGTGCTACAGAGTTCTTGAAGTGGTGGCCTAACTACGGCTACACTAGAAGAACAGTATTTGGTATCTGCGCTCTGCTGAAGCCAGTTACCTTCGGAAAAAGAGTTGGTAGCTCTTGATCCGGCAAACAAACCACCGCTGGTAGCGGTGGTTTTTTTGTTTGCAAGCAGCAGATTACGCGCAGAAAAAAAGGATCTCAAGAAGGCCTACTATTAGCAACAACGATCCTTTGATCTTTTCTACGGGGTCTGACGCTCAGTGGAACGAAAACTCACGTTAAGGGATTTTGGTCATGAGATTATCAAAAAGGATCTTCACCTAGATCCTTTTAAATTAAAAATGAAGTTTTAAATCAATCTAAAGTATATATGAGTAAACTTGGTCTGACAGTTACCAATGCTTAATCAGTGAGGCACCTATCTCAGCGATCTGTCTATTTCGTTCATCCATAGTTGCCTGACTCCCCGTCGTGTAGATAACTACGATACGGGAGGGCTTACCATCTGGCCCCAGTGCTGCAATGATACCGCGAGAACCACGCTCACCGGCTCCAGATTTATCAGCAATAAACCAGCCAGCCGGAAGGGCCGAGCGCAGAAGTGGTCCTGCAACTTTATCCGCCTCCATCCAGTCTATTAATTGTTGCCGGGAAGCTAGAGTAAGTAGTTCGCCAGTTAATAGTTTGCGCAACGTTGTTGCCATTGCTACAGGCATCGTGGTGTCACGCTCGTCGTTTGGTATGGCTTCATTCAGCTCCGGTTCCCAACGATCAAGGCGAGTTACATGATCCCCCATGTTGTGCAAAAAAGCGGTTAGCTCCTTCGGTCCTCCGATCGTTGTCAGAAGTAAGTTGGCCGCAGTGTTATCACTCATGGTTATGGCAGCACTGCATAATTCTCTTACTGTCATGCCATCCGTAAGATGCTTTTCTGTGACTGGTGAGTACTCAACCAAGTCATTCTGAGAATAGTGTATGCGGCGACCGAGTTGCTCTTGCCCGGCGTCAATACGGGATAATACCGCGCCACATAGCAGAACTTTAAAAGTGCTCATCATTGGAAAACGTTCTTCGGGGCGAAAACTCTCAAGGATCTTACCGCTGTTGAGATCCAGTTCGATGTAACCCACTCGTGCACCCAACTGATCTTCAGCATCTTTTACTTTCACCAGCGTTTCTGGGTGAGCAAAAACAGGAAGGCAAAATGCCGCAAAAAAGGGAATAAGGGCGACACGGAAATGTTGAATACTCATACTCTTCCTTTTTCAATATTATTGAAGCATTTATCAGGGTTATTGTCTCATGAGCGGATACATATTTGAATGTATTTAGAAAAATAAACAAATAGGGGTTCCGCGCACCTGCACCAGTCAGTAAAACGACGGCCAGTAGTCAAAAGCCTCCGACCGGAGGCTTTTGACTTGGTTCAGGTGGAGTGGGAGAACGATGATGCTCACTCTCGGGTCTCTAATGTCATCTTGTATAAATCCATCTACTTTGGTTACTTCTGTTAATGCTTTTAAGTGTTTGCCACTTGCTACTAATAAAGCTGCTATTAGAATTATGGCTAAATACAAGCCAGTTCAATGTTTGATTTCTGCTAAGTATGATAATTTGACTGTTGATAGAAGATCAGCTAACTATCAGCCATCTATTTGGGATCATGATTTTTTGCAGTCTTTGAACTCTAACTACACTGATGAAGCGTATAAGAGGAGAGCTGAAGAGTTAAGAGGTAAGGTCAAAATTGCTATAAAAGATGTTATCGAACCTTTGGACCAATTGGAGTTGATTGACAATTTGCAACGTTTAGGTTTGGCTCATCGATTCGAAACCGAAATCAGAAACATCCTAAACAATATCTACAACAATAACAAAGATTACAACTGGAGGAAAGAAAACTTGTATGCTACTTCTCTCGAATTTAGATTGTTGAGACAGCATGGTTACCCAGTTAGTCAAGAGGTTTTTAATGGGTTTAAGGACGATCAAGGTGGTTTTATTTGTGACGATTTTAAGGGTATATTGTCTCTACATGAGGCTTCTTATTATTCTTTAGAAGGTGAATCTATTATGGAGGAGGCTTGGCAATTCACTTCTAAGCATTTGAAGGAAGTTATGATATCTAAAAATATGGAAGAGGATGTCTTTGTTGCTGAACAAGCAAAGAGAGCTTTAGAGCTACCATTGCACTGGAAAGTTCCTATGTTGGAAGCTAGATGGTTTATTCACATTTATGAAAGACGTGAAGATAAGAATCATTTGTTACTTGAATTGGCTAAGATGGAATTTAATACTTTGCAAGCTATTTACCAAGAGGAATTAAAGGAAATTTCTGGTTGGTGGAAGGATACTGGTTTGGGTGAAAAGTTGTCTTTCGCTAGAAATAGACTCGTTGCTTCTTTTTTGTGGTCTATGGGTATTGCTTTCGAACCACAATTCGCTTATTGTAGAAGAGTTTTGACTATATCTATAGCTTTAATCACTGTTATAGACGATATTTACGATGTTTATGGTACTTTAGATGAATTAGAAATCTTTACTGACGCTGTTGAAAGATGGGATATTAATTATGCTTTGAAACACCTACCAGGTTATATGAAAATGTGTTTTTTAGCTCTGTACAACTTCGTTAATGAATTTGCTTATTACGTTTTAAAGCAACAAGACTTCGACTTGCTTTTGTCTATTAAGAATGCTTGGCTAGGTTTAATACAGGCTTATTTGGTTGAAGCTAAATGGTATCACTCTAAGTACACTCCAAAGCTGGAAGAATATTTGGAAAACGGTTTGGTATCTATCACTGGACCATTGATTATTACTATCTCTTACTTGTCTGGTACAAACCCAATCATAAAAAAGGAATTGGAATTTCTTGAATCAAATCCAGATATCGTTCATTGGTCATCCAAAATTTTCAGATTGCAAGATGATTTGGGTACTTCTAGTGATGAAATCCAAAGAGGTGACGTTCCAAAGTCTATACAATGTTACATGCATGAAACTGGTGCTTCTGAAGAAGTTGCTAGACAACATATAAAGGATATGATGAGACAAATGTGGAAAAAAGTTAACGCTTATACTGCTGATAAAGACTCTCCATTGACTGGTACTACTACTGAATTTTTGTTGAACTTGGTTAGAATGTCTCACTTTATGTATTTGCATGGTGATGGTCATGGTGTTCAAAACCAAGAAACTATTGATGTTGGTTTCACTTTGTTGTTCCAACCAATCCCATTGGAAGATAAGCATATGGCTTTTACTGCTTCTCCAGGTACTAAAGGTTGAAGAGCAAGCTTTGAGACCAGTAAAGCATAGTGCCCAGCTATCGCCGTTTAGGTTGATGGTAGGGATAACAGGGTAATGTTGACAGTATTTTGAAAATT
ScGal4-DNA-AD,CDS,Taken from open yeast collection,Direct,Yeast-2-hybrid bait fusion - Gal4-DNA-Activation-Domain,Local Sequence File,BBF10K_000327.gb,S. cerevisiae,S. cerevisiae,False,True,0,
ScGal4-DNA-BD,CDS,Taken from open yeast collection,Direct,Yeast-2-hybrid prey fusion Gal4 DNA-Binding-Domain,Local Sequence File,BBF10K_000329.gb,S. cerevisiae,S. cerevisiae,False,True,0,
N1N2_SV40_NLS,nuclear_localization_signal,Taken from open yeast collection,Direct,"SV40 Nuclear Localization Signal (NLS) for Yeast-2-Hybrid or other fusions, targets the protein to the yeast nucleus.",Local Sequence File,BBF10K_000335.gb,SV40,yeast,False,True,0,
Pp_aMF_sec_tag,signal_peptide,Taken from open yeast collection,Direct,Pichia aMF Secretion tag,Local Sequence File,BBF10K_000355.gb,Pichia (Komagataella pastoris),Pichia (Komagataella pastoris),False,True,0,
Pp_aMF_noEAEA_sec_tag,signal_peptide,Taken from open yeast collection,Direct,Pichia aMF_noEAEA secretion tag,Local Sequence File,BBF10K_000357.gb,Pichia (Komagataella pastoris),Pichia (Komagataella pastoris),False,True,0,
Sc-tADH1,terminator,Taken from open yeast collection,Direct,"S. cerevisiae terminator ADH1. Poor assembly at Twist, not included in distribution",,https://freegenes.github.io/genbank/BBF10K_000366.gb,S. cerevisiae,S. cerevisiae,False,True,2317,AACGATGATGCTCACTCTCGGGTCTCTGCTTGCGAATTTCTTATGATTTATGATTTTTATTATTAAATAAGTTATAAAAAAAATAAGTGTATACAAATTTTAAAGTGACTCTTAGGTTTTAAAACGAAAATTCTTATTCTTGAGTAACTCTTTCCTGTAGGTCAGGTTGCTTTCTCAGGTATAGCATGAGGTCGCTCTTATTGACCACACCTCTACCGGCGCTTGAGACCACTAGTAGTCCCAAGTTCAGACGTACACTGCCAACAAGGGGTTGACCTAGGGATAACAGGGTAATTATTGCTCTTACACCCCTGGTCGCTGAGGTGTCAATCGTCGGAGCCGCTGAGCAATAACTAGCATAACCCCTTGGGGCCTCTAAACGGGTCTTGAGGGGTTTTTTGCATGGTCATAGCTGTTTCCTGAGAGCTTGGCAGGTGATGACACACATTAACAAATTTCGTGAGGAGTCTCCAGAAGAATGCCATTAATTTCCATAGGCTCCGCCCCCCTGACGAGCATCACAAAAATCGACGCTCAAGTCAGAGGTGGCGAAACCCGACAGGACTATAAAGATACCAGGCGTTTCCCCCTGGAAGCTCCCTCGTGCGCTCTCCTGTTCCGACCCTGCCGCTTACCGGATACCTGTCCGCCTTTCTCCCTTCGGGAAGCGTGGCGCTTTCTCATAGCTCACGCTGTAGGTATCTCAGTTCGGTGTAGGTCGTTCGCTCCAAGCTGGGCTGTGTGCACGAACCCCCCGTTCAGCCCGACCGCTGCGCCTTATCCGGTAACTATCGTCTTGAGTCCAACCCGGTAAGACACGACTTATCGCCACTGGCAGCAGCCACTGGTAACAGGATTAGCAGAGCGAGGTATGTAGGCGGTGCTACAGAGTTCTTGAAGTGGTGGCCTAACTACGGCTACACTAGAAGAACAGTATTTGGTATCTGCGCTCTGCTGAAGCCAGTTACCTTCGGAAAAAGAGTTGGTAGCTCTTGATCCGGCAAACAAACCACCGCTGGTAGCGGTGGTTTTTTTGTTTGCAAGCAGCAGATTACGCGCAGAAAAAAAGGATCTCAAGAAGGCCTACTATTAGCAACAACGATCCTTTGATCTTTTCTACGGGGTCTGACGCTCAGTGGAACGAAAACTCACGTTAAGGGATTTTGGTCATGAGATTATCAAAAAGGATCTTCACCTAGATCCTTTTAAATTAAAAATGAAGTTTTAAATCAATCTAAAGTATATATGAGTAAACTTGGTCTGACAGTTACCAATGCTTAATCAGTGAGGCACCTATCTCAGCGATCTGTCTATTTCGTTCATCCATAGTTGCCTGACTCCCCGTCGTGTAGATAACTACGATACGGGAGGGCTTACCATCTGGCCCCAGTGCTGCAATGATACCGCGAGAACCACGCTCACCGGCTCCAGATTTATCAGCAATAAACCAGCCAGCCGGAAGGGCCGAGCGCAGAAGTGGTCCTGCAACTTTATCCGCCTCCATCCAGTCTATTAATTGTTGCCGGGAAGCTAGAGTAAGTAGTTCGCCAGTTAATAGTTTGCGCAACGTTGTTGCCATTGCTACAGGCATCGTGGTGTCACGCTCGTCGTTTGGTATGGCTTCATTCAGCTCCGGTTCCCAACGATCAAGGCGAGTTACATGATCCCCCATGTTGTGCAAAAAAGCGGTTAGCTCCTTCGGTCCTCCGATCGTTGTCAGAAGTAAGTTGGCCGCAGTGTTATCACTCATGGTTATGGCAGCACTGCATAATTCTCTTACTGTCATGCCATCCGTAAGATGCTTTTCTGTGACTGGTGAGTACTCAACCAAGTCATTCTGAGAATAGTGTATGCGGCGACCGAGTTGCTCTTGCCCGGCGTCAATACGGGATAATACCGCGCCACATAGCAGAACTTTAAAAGTGCTCATCATTGGAAAACGTTCTTCGGGGCGAAAACTCTCAAGGATCTTACCGCTGTTGAGATCCAGTTCGATGTAACCCACTCGTGCACCCAACTGATCTTCAGCATCTTTTACTTTCACCAGCGTTTCTGGGTGAGCAAAAACAGGAAGGCAAAATGCCGCAAAAAAGGGAATAAGGGCGACACGGAAATGTTGAATACTCATACTCTTCCTTTTTCAATATTATTGAAGCATTTATCAGGGTTATTGTCTCATGAGCGGATACATATTTGAATGTATTTAGAAAAATAAACAAATAGGGGTTCCGCGCACCTGCACCAGTCAGTAAAACGACGGCCAGTAGTCAAAAGCCTCCGACCGGAGGCTTTTGACTTGGTTCAGGTGGAGTGGGAG
Sc-tUBX6,terminator,Taken from open yeast collection,Direct,S. cerevisiae terminator ENO1,Local Sequence File,BBF10K_000385.gb,S. cerevisiae,S. cerevisiae,False,True,0,
Sc-tENO1,terminator,Taken from open yeast collection,Direct,S. cerevisiae terminator ENO1,Local Sequence File,BBF10K_000392.gb,S. cerevisiae,S. cerevisiae,False,True,0,
Sc-tENO2,terminator,Taken from open yeast collection,Direct,S. cerevisiae terminator ENO2,Local Sequence File,BBF10K_000401.gb,S. cerevisiae,S. cerevisiae,False,True,0,
Sc-tPRM9,terminator,Taken from open yeast collection,Direct,S. cerevisiae terminator PRM9,Local Sequence File,BBF10K_000406.gb,S. cerevisiae,S. cerevisiae,False,True,0,
Sc-tSSA1,terminator,Taken from open yeast collection,Direct,S. cerevisiae terminator SSA1,Local Sequence File,BBF10K_000412.gb,S. cerevisiae,S. cerevisiae,False,True,0,
Sc-tTDH1,terminator,Taken from open yeast collection,Direct,S. cerevisiae terminator TDH1,Local Sequence File,BBF10K_000416.gb,S. cerevisiae,S. cerevisiae,False,True,0,
Pp-tAOX1,terminator,Taken from open yeast collection,Direct,Pichia (Komagataella pastoris) terminator,Local Sequence File,BBF10K_000418.gb,Pichia (Komagataella pastoris),Pichia (Komagataella pastoris),False,True,0,
AConL-start-rev,engineered_region,Taken from open yeast collection,Direct,"For multi-gene assembly, uses BbsI sites for level 2 assembly, fully custom sequence, based on Dueber's design",Local Sequence File,BBF10K_000420.gb,synthetic,Species agnostic,False,True,0,
AConL-start,engineered_region,Taken from open yeast collection,Direct,"For multi-gene assembly, uses BbsI sites for level 2 assembly, fully custom sequence, based on Dueber's design",Local Sequence File,BBF10K_000424.gb,synthetic,Species agnostic,False,True,0,
AConL1,engineered_region,Taken from open yeast collection,Direct,"For multi-gene assembly, uses BbsI sites for level 2 assembly, fully custom sequence, based on Dueber's design",Local Sequence File,BBF10K_000429.gb,synthetic,Species agnostic,False,True,0,
AConL2,engineered_region,Taken from open yeast collection,Direct,"For multi-gene assembly, uses BbsI sites for level 2 assembly, fully custom sequence, based on Dueber's design",Local Sequence File,BBF10K_000432.gb,synthetic,Species agnostic,False,True,0,
AConL3,engineered_region,Taken from open yeast collection,Direct,"For multi-gene assembly, uses BbsI sites for level 2 assembly, fully custom sequence, based on Dueber's design",Local Sequence File,BBF10K_000439.gb,synthetic,Species agnostic,False,True,0,
AConL4,engineered_region,Taken from open yeast collection,Direct,"For multi-gene assembly, uses BbsI sites for level 2 assembly, fully custom sequence, based on Dueber's design",Local Sequence File,BBF10K_000440.gb,synthetic,Species agnostic,False,True,0,
AConL5,engineered_region,Taken from open yeast collection,Direct,"For multi-gene assembly, uses BbsI sites for level 2 assembly, fully custom sequence, based on Dueber's design",Local Sequence File,BBF10K_000441.gb,synthetic,Species agnostic,False,True,0,
AConR1,engineered_region,Taken from open yeast collection,Direct,"For multi-gene assembly, uses BbsI sites for level 2 assembly, fully custom sequence, based on Dueber's design",Local Sequence File,BBF10K_000442.gb,synthetic,Species agnostic,False,True,0,
AConR2,engineered_region,Taken from open yeast collection,Direct,"For multi-gene assembly, uses BbsI sites for level 2 assembly, fully custom sequence, based on Dueber's design",Local Sequence File,BBF10K_000443.gb,synthetic,Species agnostic,False,True,0,
AConR3,engineered_region,Taken from open yeast collection,Direct,"For multi-gene assembly, uses BbsI sites for level 2 assembly, fully custom sequence, based on Dueber's design",Local Sequence File,BBF10K_000444.gb,synthetic,Species agnostic,False,True,0,
AConR4,engineered_region,Taken from open yeast collection,Direct,"For multi-gene assembly, uses BbsI sites for level 2 assembly, fully custom sequence, based on Dueber's design",Local Sequence File,BBF10K_000445.gb,synthetic,Species agnostic,False,True,0,
AConR5,engineered_region,Taken from open yeast collection,Direct,"For multi-gene assembly, uses BbsI sites for level 2 assembly, fully custom sequence, based on Dueber's design",Local Sequence File,BBF10K_000446.gb,synthetic,Species agnostic,False,True,0,
AConR-end,engineered_region,Taken from open yeast collection,Direct,"For multi-gene assembly, uses BbsI sites for level 2 assembly, fully custom sequence, based on Dueber's design",Local Sequence File,BBF10K_000447.gb,synthetic,Species agnostic,False,True,0,
AConR-end-rev,engineered_region,Taken from open yeast collection,Direct,"For multi-gene assembly, uses BbsI sites for level 2 assembly, fully custom sequence, based on Dueber's design",Local Sequence File,BBF10K_000448.gb,synthetic,Species agnostic,False,True,0,
ScHR5'-LEU2,engineered_region,Taken from open yeast collection,Direct,for stable genome integration adjacent to S. cerevisiae LEU2 locus.,Local Sequence File,BBF10K_000449.gb,S. cerevisiae,S. cerevisiae,False,True,0,
ScHR3'-LEU2,engineered_region,Taken from open yeast collection,Direct,for stable genome integration adjacent to S. cerevisiae LEU2 locus.,Local Sequence File,BBF10K_000450.gb,S. cerevisiae,S. cerevisiae,False,True,0,
ScHR5'-URA3,engineered_region,Taken from open yeast collection,Direct,for stable genome integration adjacent to S. cerevisiae URA3 locus.,Local Sequence File,BBF10K_000451.gb,S. cerevisiae,S. cerevisiae,False,True,0,
ScHR3'-URA3,engineered_region,Taken from open yeast collection,Direct,for stable genome integration adjacent to S. cerevisiae URA3 locus.,Local Sequence File,BBF10K_000452.gb,S. cerevisiae,S. cerevisiae,False,True,0,
ScHR5'-HO,engineered_region,Taken from open yeast collection,Direct,for stable genome integration adjacent to S. cerevisiae HO locus.,Local Sequence File,BBF10K_000453.gb,S. cerevisiae,S. cerevisiae,False,True,0,
ScHR3'-HO,engineered_region,"sequence downloaded from freegenes has extra (non-compliant) newline, which can cause errors; edited by hand",Direct,for stable genome integration adjacent to S. cerevisiae HO locus.,Local Sequence File,BBF10K_000454.gb,S. cerevisiae,S. cerevisiae,False,True,0,
PpHR5'-NTS,engineered_region,Taken from open yeast collection,Direct,for stable genome integration adjacent to Pichia NTS locus.,Local Sequence File,BBF10K_000455.gb,Pichia (Komagataella pastoris),Pichia (Komagataella pastoris),False,True,0,
PpHR3'-NTS,engineered_region,Taken from open yeast collection,Direct,for stable genome integration adjacent to Pichia NTS locus.,Local Sequence File,BBF10K_000456.gb,Pichia (Komagataella pastoris),Pichia (Komagataella pastoris),False,True,0,
PpHR5'-RGI2,engineered_region,Taken from open yeast collection,Direct,for stable genome integration adjacent to Pichia RGI2 locus.,Local Sequence File,BBF10K_000457.gb,Pichia (Komagataella pastoris),Pichia (Komagataella pastoris),False,True,0,
PpHR3'-RGI2,engineered_region,Taken from open yeast collection,Direct,for stable genome integration adjacent to Pichia RGI2 locus.,Local Sequence File,BBF10K_000458.gb,Pichia (Komagataella pastoris),Pichia (Komagataella pastoris),False,True,0,
PpHR5'-ENO,engineered_region,Taken from open yeast collection,Direct,for stable genome integration adjacent to Pichia ENO locus.,Local Sequence File,BBF10K_000459.gb,Pichia (Komagataella pastoris),Pichia (Komagataella pastoris),False,True,0,
PpHR3'-ENO,engineered_region,Taken from open yeast collection,Direct,for stable genome integration adjacent to Pichia ENO locus.,Local Sequence File,BBF10K_000460.gb,Pichia (Komagataella pastoris),Pichia (Komagataella pastoris),False,True,0,
PpHR5'-AOXTT,engineered_region,Taken from open yeast collection,Direct,for stable genome integration adjacent to Pichia AOXTT locus.,Local Sequence File,BBF10K_000461.gb,Pichia (Komagataella pastoris),Pichia (Komagataella pastoris),False,True,0,
PpHR3'-AOXTT,engineered_region,Taken from open yeast collection,Direct,for stable genome integration adjacent to Pichia AOXTT locus.,Local Sequence File,BBF10K_000462.gb,Pichia (Komagataella pastoris),Pichia (Komagataella pastoris),False,True,0,
Sc2micron,origin_of_replication,Taken from open yeast collection,Direct,high copy yeast episome,Local Sequence File,BBF10K_000463.gb,S. cerevisiae,yeast,False,True,0,
ScARS_CEN,origin_of_replication,Taken from open yeast collection,Direct,low copy yeast episome,,https://freegenes.github.io/genbank/BBF10K_000464.gb,S. cerevisiae,yeast,False,True,2639,AAGAATTACTGACCCCTCGGGGTCTCTAAAACCTAGGATCACGTGCTATAAAAATAATTATAATTTAAATTTTTTAATATAAATATATAAATTAAAAATAGAAAGTAAAAAAAGAAATTAAAGAAAAAATAGTTTTTGTTTTCCGAAGATGTAAAAGACTCTAGGGGGATCGCCAACAAATACTACCTTTTATCTTCCTCTTCCTGCTCTCAGGTATTAATGCCGAATTGTTTCATCTTGTCTGTGTAGAACACCACACACGAAAATCCTGTGATTTTACATTTTACTTATCGTTAATCGAATGTATATCTATTTAATCTGCTTTTCTTGTCTAATAAATATATATGTAAAGTACGCTTTTTGTTGAAATTTTTTAAACCTTTGTTTATTTTTTTTTCTTCATTCCGTAACTCTTCTACCTTCTTTATTTACTTTCTAAAATCCAAATACAAAACATAAAAATAAATAAACACAGAGTAAATTCCCAAATTATTCCATCATTAAAAGATACGAGGCGCGTGTAAGTTACAGGCAAGCGATCAAGGTGAGACCACTAGTAAGGCGCTCGGATAATACTCAAGTTCAGTCTTGTTAAAGTCTAGGGATAACAGGGTAATCCGCTCCAGCACGCTGATGACCGCTGAGGTGTCAATCGTCGGAGCCGCTGAGCAATAACTAGCATAACCCCTTGGGGCCTCTAAACGGGTCTTGAGGGGTTTTTTGCATGGTCATAGCTGTTTCCTGAGAGCTTGGCAGGTGATGACACACATTAACAAATTTCGTGAGGAGTCTCCAGAAGAATGCCATTAATTTCCATAGGCTCCGCCCCCCTGACGAGCATCACAAAAATCGACGCTCAAGTCAGAGGTGGCGAAACCCGACAGGACTATAAAGATACCAGGCGTTTCCCCCTGGAAGCTCCCTCGTGCGCTCTCCTGTTCCGACCCTGCCGCTTACCGGATACCTGTCCGCCTTTCTCCCTTCGGGAAGCGTGGCGCTTTCTCATAGCTCACGCTGTAGGTATCTCAGTTCGGTGTAGGTCGTTCGCTCCAAGCTGGGCTGTGTGCACGAACCCCCCGTTCAGCCCGACCGCTGCGCCTTATCCGGTAACTATCGTCTTGAGTCCAACCCGGTAAGACACGACTTATCGCCACTGGCAGCAGCCACTGGTAACAGGATTAGCAGAGCGAGGTATGTAGGCGGTGCTACAGAGTTCTTGAAGTGGTGGCCTAACTACGGCTACACTAGAAGAACAGTATTTGGTATCTGCGCTCTGCTGAAGCCAGTTACCTTCGGAAAAAGAGTTGGTAGCTCTTGATCCGGCAAACAAACCACCGCTGGTAGCGGTGGTTTTTTTGTTTGCAAGCAGCAGATTACGCGCAGAAAAAAAGGATCTCAAGAAGGCCTACTATTAGCAACAACGATCCTTTGATCTTTTCTACGGGGTCTGACGCTCAGTGGAACGAAAACTCACGTTAAGGGATTTTGGTCATGAGATTATCAAAAAGGATCTTCACCTAGATCCTTTTAAATTAAAAATGAAGTTTTAAATCAATCTAAAGTATATATGAGTAAACTTGGTCTGACAGTTACCAATGCTTAATCAGTGAGGCACCTATCTCAGCGATCTGTCTATTTCGTTCATCCATAGTTGCCTGACTCCCCGTCGTGTAGATAACTACGATACGGGAGGGCTTACCATCTGGCCCCAGTGCTGCAATGATACCGCGAGAACCACGCTCACCGGCTCCAGATTTATCAGCAATAAACCAGCCAGCCGGAAGGGCCGAGCGCAGAAGTGGTCCTGCAACTTTATCCGCCTCCATCCAGTCTATTAATTGTTGCCGGGAAGCTAGAGTAAGTAGTTCGCCAGTTAATAGTTTGCGCAACGTTGTTGCCATTGCTACAGGCATCGTGGTGTCACGCTCGTCGTTTGGTATGGCTTCATTCAGCTCCGGTTCCCAACGATCAAGGCGAGTTACATGATCCCCCATGTTGTGCAAAAAAGCGGTTAGCTCCTTCGGTCCTCCGATCGTTGTCAGAAGTAAGTTGGCCGCAGTGTTATCACTCATGGTTATGGCAGCACTGCATAATTCTCTTACTGTCATGCCATCCGTAAGATGCTTTTCTGTGACTGGTGAGTACTCAACCAAGTCATTCTGAGAATAGTGTATGCGGCGACCGAGTTGCTCTTGCCCGGCGTCAATACGGGATAATACCGCGCCACATAGCAGAACTTTAAAAGTGCTCATCATTGGAAAACGTTCTTCGGGGCGAAAACTCTCAAGGATCTTACCGCTGTTGAGATCCAGTTCGATGTAACCCACTCGTGCACCCAACTGATCTTCAGCATCTTTTACTTTCACCAGCGTTTCTGGGTGAGCAAAAACAGGAAGGCAAAATGCCGCAAAAAAGGGAATAAGGGCGACACGGAAATGTTGAATACTCATACTCTTCCTTTTTCAATATTATTGAAGCATTTATCAGGGTTATTGTCTCATGAGCGGATACATATTTGAATGTATTTAGAAAAATAAACAAATAGGGGTTCCGCGCACCTGCACCAGTCAGTAAAACGACGGCCAGTAGTCAAAAGCCTCCGACCGGAGGCTTTTGACTTGGTTCAGGTGGAGTGGGAG
Pichia PARS,origin_of_replication,Taken from open yeast collection,Direct,Pichia (Komagataella pastoris) episome,Local Sequence File,BBF10K_000465.gb,Pichia (Komagataella pastoris),Pichia (Komagataella pastoris),False,True,0,
oriT,oriT,Taken from open yeast collection,Direct,Trans-kingdom DNA transfer. The origin of transfer (oriT) is necessary for transfer of the DNA that contains it from a bacterial host to recipient during bacterial conjugation. The oriT is cis-acting.,,https://freegenes.github.io/genbank/BBF10K_000466.gb,Pseudomonas aeruginosa,yeast,False,True,2913,CGCTGAGGTGTCAATCGTCGGAGCCGCTGAGCAATAACTAGCATAACCCCTTGGGGCCTCTAAACGGGTCTTGAGGGGTTTTTTGCATGGTCATAGCTGTTTCCTGAGAGCTTGGCAGGTGATGACACACATTAACAAATTTCGTGAGGAGTCTCCAGAAGAATGCCATTAATTTCCATAGGCTCCGCCCCCCTGACGAGCATCACAAAAATCGACGCTCAAGTCAGAGGTGGCGAAACCCGACAGGACTATAAAGATACCAGGCGTTTCCCCCTGGAAGCTCCCTCGTGCGCTCTCCTGTTCCGACCCTGCCGCTTACCGGATACCTGTCCGCCTTTCTCCCTTCGGGAAGCGTGGCGCTTTCTCATAGCTCACGCTGTAGGTATCTCAGTTCGGTGTAGGTCGTTCGCTCCAAGCTGGGCTGTGTGCACGAACCCCCCGTTCAGCCCGACCGCTGCGCCTTATCCGGTAACTATCGTCTTGAGTCCAACCCGGTAAGACACGACTTATCGCCACTGGCAGCAGCCACTGGTAACAGGATTAGCAGAGCGAGGTATGTAGGCGGTGCTACAGAGTTCTTGAAGTGGTGGCCTAACTACGGCTACACTAGAAGAACAGTATTTGGTATCTGCGCTCTGCTGAAGCCAGTTACCTTCGGAAAAAGAGTTGGTAGCTCTTGATCCGGCAAACAAACCACCGCTGGTAGCGGTGGTTTTTTTGTTTGCAAGCAGCAGATTACGCGCAGAAAAAAAGGATCTCAAGAAGGCCTACTATTAGCAACAACGATCCTTTGATCTTTTCTACGGGGTCTGACGCTCAGTGGAACGAAAACTCACGTTAAGGGATTTTGGTCATGAGATTATCAAAAAGGATCTTCACCTAGATCCTTTTAAATTAAAAATGAAGTTTTAAATCAATCTAAAGTATATATGAGTAAACTTGGTCTGACAGTTACCAATGCTTAATCAGTGAGGCACCTATCTCAGCGATCTGTCTATTTCGTTCATCCATAGTTGCCTGACTCCCCGTCGTGTAGATAACTACGATACGGGAGGGCTTACCATCTGGCCCCAGTGCTGCAATGATACCGCGAGAACCACGCTCACCGGCTCCAGATTTATCAGCAATAAACCAGCCAGCCGGAAGGGCCGAGCGCAGAAGTGGTCCTGCAACTTTATCCGCCTCCATCCAGTCTATTAATTGTTGCCGGGAAGCTAGAGTAAGTAGTTCGCCAGTTAATAGTTTGCGCAACGTTGTTGCCATTGCTACAGGCATCGTGGTGTCACGCTCGTCGTTTGGTATGGCTTCATTCAGCTCCGGTTCCCAACGATCAAGGCGAGTTACATGATCCCCCATGTTGTGCAAAAAAGCGGTTAGCTCCTTCGGTCCTCCGATCGTTGTCAGAAGTAAGTTGGCCGCAGTGTTATCACTCATGGTTATGGCAGCACTGCATAATTCTCTTACTGTCATGCCATCCGTAAGATGCTTTTCTGTGACTGGTGAGTACTCAACCAAGTCATTCTGAGAATAGTGTATGCGGCGACCGAGTTGCTCTTGCCCGGCGTCAATACGGGATAATACCGCGCCACATAGCAGAACTTTAAAAGTGCTCATCATTGGAAAACGTTCTTCGGGGCGAAAACTCTCAAGGATCTTACCGCTGTTGAGATCCAGTTCGATGTAACCCACTCGTGCACCCAACTGATCTTCAGCATCTTTTACTTTCACCAGCGTTTCTGGGTGAGCAAAAACAGGAAGGCAAAATGCCGCAAAAAAGGGAATAAGGGCGACACGGAAATGTTGAATACTCATACTCTTCCTTTTTCAATATTATTGAAGCATTTATCAGGGTTATTGTCTCATGAGCGGATACATATTTGAATGTATTTAGAAAAATAAACAAATAGGGGTTCCGCGCACCTGCACCAGTCAGTAAAACGACGGCCAGTAGTCAAAAGCCTCCGACCGGAGGCTTTTGACTTGGTTCAGGTGGAGTGGGAGAAGAATTACTGACCCCTCGGGGTCTCTCGAACCTAGGGCGATCGTCTTGCCTTGCTCGTCGGTGATGTACTTCACCAGCTCCGCGAAGTCGCTCTTCTTGATGGAGCGCATGGGGACGTGCTTGGCAATCACGCGCACCCCCCGGCCGTTTTAGCGGCTAAAAAAGTCATGGCTCTGCCCTCGGGCGGACCACGCCCATCATGACCTTGCCAAGCTCGTCCTGCTTCTCTTCGATCTTCGCCAGCAGGGCGAGGATCGTGGCATCACCGAACCGCGCCGTGCGCGGGTCGTCGGTGAGCCAGAGTTTCAGCAGGCCGCCCAGGCGGCCCAGGTCGCCATTGATGCGGGCCAGCTCGCGGACGTGCTCATAGTCCACGACGCCCGTGATTTTGTAGCCCTGGCCGACGGCCAGCAGGTAGGCCGACAGGCTCATGCCGGCCGCCGCCGCCTTTTCCTCAATCGCTCTTCGTTCGTCTGGAAGGCAGTACACCTTGATAGGTGGGCTGCCCTTCCTGGTTGGCTTGGTTTCATCAGCCATCCGCTTGCCCTCATCTGTTACGCCGGCGGTAGCCGGCCAGCCTCGCAGAGCAGGATTCCCGTTGAGCACCGCCAGGTGCGAATAAGGGACAGTGAAGAAGGAACACCCGCTCGCGGGTGGGCCTACTTCACCTATCCTGCCCGGCTGACGCCGTTGGATACACCAAGGAAAGTCTACACGAACCCTTTGGCAAAATCCTGTATATCGTGCGAAAAAGGATGGATATACCGAAAAAATCGCTATAATGACCCCGAAGCAGGGTTATGCAGCGGAAGATACCGGTGCAATGAGACCAATAGGAACCTCTTACGCGGAGAAGGGTAAGGGCCACTTATTAGGGATAACAGGGTAATTCTCGTGGACTCGAGGGGGGG
ScADE2-marker,gene_cassette,Taken from open yeast collection,Direct,"Yeast selection marker, complements ADE2 auxotrophy",Local Sequence File,BBF10K_000467.gb,,yeast,False,True,0,
ScHIS3-marker,gene_cassette,Taken from open yeast collection,Direct,"Yeast selection marker, complements HIS3 auxotrophy",Local Sequence File,BBF10K_000468.gb,,yeast,False,True,0,
ScHygro-marker,gene_cassette,Taken from open yeast collection,Direct,Yeast antibiotic selection marker,Local Sequence File,BBF10K_000469.gb,,yeast,False,True,0,
ScKanR-marker,gene_cassette,Taken from open yeast collection,Direct,Yeast antibiotic selection marker,,https://freegenes.github.io/genbank/BBF10K_000470.gb,,yeast,False,True,3883,CGCTGAGGTGTCAATCGTCGGAGCCGCTGAGCAATAACTAGCATAACCCCTTGGGGCCTCTAAACGGGTCTTGAGGGGTTTTTTGCATGGTCATAGCTGTTTCCTGAGAGCTTGGCAGGTGATGACACACATTAACAAATTTCGTGAGGAGTCTCCAGAAGAATGCCATTAATTTCCATAGGCTCCGCCCCCCTGACGAGCATCACAAAAATCGACGCTCAAGTCAGAGGTGGCGAAACCCGACAGGACTATAAAGATACCAGGCGTTTCCCCCTGGAAGCTCCCTCGTGCGCTCTCCTGTTCCGACCCTGCCGCTTACCGGATACCTGTCCGCCTTTCTCCCTTCGGGAAGCGTGGCGCTTTCTCATAGCTCACGCTGTAGGTATCTCAGTTCGGTGTAGGTCGTTCGCTCCAAGCTGGGCTGTGTGCACGAACCCCCCGTTCAGCCCGACCGCTGCGCCTTATCCGGTAACTATCGTCTTGAGTCCAACCCGGTAAGACACGACTTATCGCCACTGGCAGCAGCCACTGGTAACAGGATTAGCAGAGCGAGGTATGTAGGCGGTGCTACAGAGTTCTTGAAGTGGTGGCCTAACTACGGCTACACTAGAAGAACAGTATTTGGTATCTGCGCTCTGCTGAAGCCAGTTACCTTCGGAAAAAGAGTTGGTAGCTCTTGATCCGGCAAACAAACCACCGCTGGTAGCGGTGGTTTTTTTGTTTGCAAGCAGCAGATTACGCGCAGAAAAAAAGGATCTCAAGAAGGCCTACTATTAGCAACAACGATCCTTTGATCTTTTCTACGGGGTCTGACGCTCAGTGGAACGAAAACTCACGTTAAGGGATTTTGGTCATGAGATTATCAAAAAGGATCTTCACCTAGATCCTTTTAAATTAAAAATGAAGTTTTAAATCAATCTAAAGTATATATGAGTAAACTTGGTCTGACAGTTACCAATGCTTAATCAGTGAGGCACCTATCTCAGCGATCTGTCTATTTCGTTCATCCATAGTTGCCTGACTCCCCGTCGTGTAGATAACTACGATACGGGAGGGCTTACCATCTGGCCCCAGTGCTGCAATGATACCGCGAGAACCACGCTCACCGGCTCCAGATTTATCAGCAATAAACCAGCCAGCCGGAAGGGCCGAGCGCAGAAGTGGTCCTGCAACTTTATCCGCCTCCATCCAGTCTATTAATTGTTGCCGGGAAGCTAGAGTAAGTAGTTCGCCAGTTAATAGTTTGCGCAACGTTGTTGCCATTGCTACAGGCATCGTGGTGTCACGCTCGTCGTTTGGTATGGCTTCATTCAGCTCCGGTTCCCAACGATCAAGGCGAGTTACATGATCCCCCATGTTGTGCAAAAAAGCGGTTAGCTCCTTCGGTCCTCCGATCGTTGTCAGAAGTAAGTTGGCCGCAGTGTTATCACTCATGGTTATGGCAGCACTGCATAATTCTCTTACTGTCATGCCATCCGTAAGATGCTTTTCTGTGACTGGTGAGTACTCAACCAAGTCATTCTGAGAATAGTGTATGCGGCGACCGAGTTGCTCTTGCCCGGCGTCAATACGGGATAATACCGCGCCACATAGCAGAACTTTAAAAGTGCTCATCATTGGAAAACGTTCTTCGGGGCGAAAACTCTCAAGGATCTTACCGCTGTTGAGATCCAGTTCGATGTAACCCACTCGTGCACCCAACTGATCTTCAGCATCTTTTACTTTCACCAGCGTTTCTGGGTGAGCAAAAACAGGAAGGCAAAATGCCGCAAAAAAGGGAATAAGGGCGACACGGAAATGTTGAATACTCATACTCTTCCTTTTTCAATATTATTGAAGCATTTATCAGGGTTATTGTCTCATGAGCGGATACATATTTGAATGTATTTAGAAAAATAAACAAATAGGGGTTCCGCGCACCTGCACCAGTCAGTAAAACGACGGCCAGTAGTCAAAAGCCTCCGACCGGAGGCTTTTGACTTGGTTCAGGTGGAGTGGGAGAAGAATTACTGACCCCTCGGGGTCTCAAAGGGTGAGTAAGGAAAGAGTGAGGAACTATCGCATACCTGCATTTAAAGATGCCGATTTGGGCGCGAATCCTTTATTTTGGCTTCACCCTCATACTATTATCAGGGCCAGAAAAAGGAAGTGTTTCCCTCCTTCTTGAATTGATGTTACCCTCATAAAGCACGTGGCCTCTTATCGAGAAAGAAATTACCGTCGCTCGTGATTTGTTTGCAAAAAGAACAAAACTGAAAAAACCCAGACACGCTCGACTTCCTGTCATCCTATTGATTGCAGCTTCCAATTTCGTCACACAACAAGGTCCTAGCGACGGCTCACAGGTTTTGTAACAAGCAATCGAAGGTTCTGGAATGGCGGGAAAGGGTTTAGTACCACATGCTATGATGCCCACTGTGATCTCCAGAGCAAAGTTCGTTCGATCGTACTGTTACTCTCTCTCTTTCAAACAGAATTGTCCGAATCGTGTGACAACAACAGCCTGTTCTCACACACTCTTTTCTTCTAACCAAGGGGGTGGTTTAGTTTAGTAGAACCTCGTGAAACTTACATTTACATATATATAAACTTGCATAAATTGGTCAATGCAAGAAATACATATTTGGTCTTTTCTAATTCGTAGTTTTTCAAGTTCTTAGATGCTTTCTTTTTCTCTTTTTTACAGATCATCAAGGAAGTAATTATCTACTTTTTACAACAAATATAAAACAATGGGTAAGGAAAAGACTCACGTTTCGAGGCCGCGATTAAATTCCAACATGGATGCTGATTTATATGGGTATAAATGGGCTCGAGATAATGTCGGGCAATCAGGTGCGACAATCTATCGATTGTATGGGAAGCCCGATGCGCCAGAGTTGTTTCTGAAACATGGCAAAGGTAGCGTTGCCAATGATGTTACAGATGAGATGGTCAGACTAAACTGGCTGACGGAATTTATGCCTCTTCCGACCATCAAGCATTTTATCCGTACTCCTGATGATGCATGGTTACTCACCACTGCGATCCCCGGCAAAACAGCATTCCAGGTATTAGAAGAATATCCTGATTCAGGTGAAAATATTGTTGATGCGCTGGCAGTGTTCCTGCGCCGGTTGCATTCGATTCCTGTTTGTAATTGTCCTTTTAACAGCGATCGCGTATTTCGTCTGGCTCAGGCGCAATCACGAATGAATAACGGTTTGGTTGATGCGAGTGATTTTGATGACGAGCGTAATGGCTGGCCTGTTGAACAAGTCTGGAAAGAAATGCATAAACTTTTGCCATTCTCACCGGATTCAGTCGTCACTCATGGTGATTTCTCACTTGATAACCTTATTTTTGACGAGGGGAAATTAATAGGTTGTATTGATGTTGGACGAGTCGGAATCGCAGACCGATACCAGGATCTTGCCATCCTATGGAACTGCCTCGGTGAGTTTTCTCCTTCATTACAGAAACGGCTTTTTCAAAAATATGGTATTGATAATCCTGATATGAATAAATTGCAGTTTCATTTGATGCTCGATGAGTTTTTCTAAACAGATGACGGGAGACACTAGCACACAACTTTACCAGGCAAGGTATTTGACGCTAGCATGTGTCCAATTCAGTGTCATTTATGATTTTTTGTAGTAGGATATAAATATATACAGCGCTCCAAATAGTGCGGTTGCCCCAAAAACACCACGGAACCTCATCTGTTCTCGTACTTTGTTGTGACAAAGTAGCTCACTGCCTTATTATCACATTTTCATTATGCAACGCTTCGGAAAATACGATGTTGAAAATATGATGAGACCAATGCGTCATTTTACACGGCGTTCCTCAGGCCTACCGGACTTAGGGATAACAGGGTAATGGATTTTATCGCGTCAATGGC
ScLEU2-marker,gene_cassette,Taken from open yeast collection,Direct,"Yeast selection marker, complements LEU2 auxotrophy",,https://freegenes.github.io/genbank/BBF10K_000471.gb,,yeast,False,True,4041,CGCTGAGGTGTCAATCGTCGGAGCCGCTGAGCAATAACTAGCATAACCCCTTGGGGCCTCTAAACGGGTCTTGAGGGGTTTTTTGCATGGTCATAGCTGTTTCCTGAGAGCTTGGCAGGTGATGACACACATTAACAAATTTCGTGAGGAGTCTCCAGAAGAATGCCATTAATTTCCATAGGCTCCGCCCCCCTGACGAGCATCACAAAAATCGACGCTCAAGTCAGAGGTGGCGAAACCCGACAGGACTATAAAGATACCAGGCGTTTCCCCCTGGAAGCTCCCTCGTGCGCTCTCCTGTTCCGACCCTGCCGCTTACCGGATACCTGTCCGCCTTTCTCCCTTCGGGAAGCGTGGCGCTTTCTCATAGCTCACGCTGTAGGTATCTCAGTTCGGTGTAGGTCGTTCGCTCCAAGCTGGGCTGTGTGCACGAACCCCCCGTTCAGCCCGACCGCTGCGCCTTATCCGGTAACTATCGTCTTGAGTCCAACCCGGTAAGACACGACTTATCGCCACTGGCAGCAGCCACTGGTAACAGGATTAGCAGAGCGAGGTATGTAGGCGGTGCTACAGAGTTCTTGAAGTGGTGGCCTAACTACGGCTACACTAGAAGAACAGTATTTGGTATCTGCGCTCTGCTGAAGCCAGTTACCTTCGGAAAAAGAGTTGGTAGCTCTTGATCCGGCAAACAAACCACCGCTGGTAGCGGTGGTTTTTTTGTTTGCAAGCAGCAGATTACGCGCAGAAAAAAAGGATCTCAAGAAGGCCTACTATTAGCAACAACGATCCTTTGATCTTTTCTACGGGGTCTGACGCTCAGTGGAACGAAAACTCACGTTAAGGGATTTTGGTCATGAGATTATCAAAAAGGATCTTCACCTAGATCCTTTTAAATTAAAAATGAAGTTTTAAATCAATCTAAAGTATATATGAGTAAACTTGGTCTGACAGTTACCAATGCTTAATCAGTGAGGCACCTATCTCAGCGATCTGTCTATTTCGTTCATCCATAGTTGCCTGACTCCCCGTCGTGTAGATAACTACGATACGGGAGGGCTTACCATCTGGCCCCAGTGCTGCAATGATACCGCGAGAACCACGCTCACCGGCTCCAGATTTATCAGCAATAAACCAGCCAGCCGGAAGGGCCGAGCGCAGAAGTGGTCCTGCAACTTTATCCGCCTCCATCCAGTCTATTAATTGTTGCCGGGAAGCTAGAGTAAGTAGTTCGCCAGTTAATAGTTTGCGCAACGTTGTTGCCATTGCTACAGGCATCGTGGTGTCACGCTCGTCGTTTGGTATGGCTTCATTCAGCTCCGGTTCCCAACGATCAAGGCGAGTTACATGATCCCCCATGTTGTGCAAAAAAGCGGTTAGCTCCTTCGGTCCTCCGATCGTTGTCAGAAGTAAGTTGGCCGCAGTGTTATCACTCATGGTTATGGCAGCACTGCATAATTCTCTTACTGTCATGCCATCCGTAAGATGCTTTTCTGTGACTGGTGAGTACTCAACCAAGTCATTCTGAGAATAGTGTATGCGGCGACCGAGTTGCTCTTGCCCGGCGTCAATACGGGATAATACCGCGCCACATAGCAGAACTTTAAAAGTGCTCATCATTGGAAAACGTTCTTCGGGGCGAAAACTCTCAAGGATCTTACCGCTGTTGAGATCCAGTTCGATGTAACCCACTCGTGCACCCAACTGATCTTCAGCATCTTTTACTTTCACCAGCGTTTCTGGGTGAGCAAAAACAGGAAGGCAAAATGCCGCAAAAAAGGGAATAAGGGCGACACGGAAATGTTGAATACTCATACTCTTCCTTTTTCAATATTATTGAAGCATTTATCAGGGTTATTGTCTCATGAGCGGATACATATTTGAATGTATTTAGAAAAATAAACAAATAGGGGTTCCGCGCACCTGCACCAGTCAGTAAAACGACGGCCAGTAGTCAAAAGCCTCCGACCGGAGGCTTTTGACTTGGTTCAGGTGGAGTGGGAGAAGAATTACTGACCCCTCGGGGTCTCAAAGGATCGAGGAGAACTTCTAGTATATCTACATACCTAATATTATTGCCTTATTAAAAATGGAATCCCAACAATTACATCAAAATCCACATTCTCTTCAAAATCAATTGTCCTGTACTTCCTTGTTCATGTGTGTTCAAAAACGTTATATTTATAGGATAATTATACTCTATTTCTCAACAAGTAATTGGTTGTTTGGCCGAGCGGTCTAAGGCGCCTGATTCAAGAAATATCTTGACCGCAGTTAACTGTGGGAATACTCAGGTATCGTAAGATGCAAGAGTTCGAATCTCTTAGCAACCATTATTTTTTTCCTCAACATAACGAGAACACACAGGGGCGCTATCGCACAGAATCAAATTCGATGACTGGAAATTTTTTGTTAATTTCAGAGGTCGCCTGACGCATATACCTTTTTCAACTGAAAAATTGGGAGAAAAAGGAAAGGTGAGAGCGCCGGAACCGGCTTTTCATATAGAATAGAGAAGCGTTCATGACTAAATGCTTGCATCACAATACTTGAAGTTGACAATATTATTTAAGGACCTATTGTTTTTTCCAATAGGTGGTTAGCAATCGTCTTACTTTCTAACTTTTCTTACCTTTTACATTTCAGCAATATATATATATATATTTCAAGGATATACCATTCTAATGTCTGCCCCTAAGAAGATCGTCGTTTTGCCAGGTGACCACGTTGGTCAAGAAATCACAGCCGAAGCCATTAAGGTTCTTAAAGCTATTTCTGATGTTCGTTCCAATGTCAAGTTCGATTTCGAAAATCATTTAATTGGTGGTGCTGCTATCGATGCTACAGGTGTTCCACTTCCAGATGAGGCGCTGGAAGCCTCCAAGAAGGCTGATGCCGTTTTGTTAGGTGCTGTGGGTGGTCCTAAATGGGGAACCGGTAGTGTTAGACCTGAACAAGGTTTACTAAAAATCCGTAAAGAACTTCAATTGTACGCCAACTTAAGACCATGTAACTTTGCATCCGACTCTCTTTTAGACTTATCTCCAATCAAGCCACAATTTGCTAAAGGTACTGACTTCGTTGTTGTCAGAGAATTAGTGGGAGGTATTTACTTTGGTAAGAGAAAGGAGGACGATGGTGATGGTGTCGCTTGGGATAGTGAACAATACACCGTTCCAGAAGTGCAAAGAATCACAAGAATGGCCGCTTTCATGGCCCTACAACATGAGCCACCATTGCCTATTTGGTCCTTGGATAAAGCTAATGTTTTGGCCTCTTCAAGATTATGGAGAAAAACTGTGGAGGAAACCATCAAGAACGAATTTCCTACATTGAAGGTTCAACATCAATTGATTGATTCTGCCGCCATGATCCTAGTTAAGAACCCAACCCACCTAAATGGTATTATAATCACCAGCAACATGTTTGGTGATATCATCTCCGATGAAGCCTCCGTTATCCCAGGTTCCTTGGGTTTGTTGCCATCTGCGTCCTTGGCCTCTTTGCCAGACAAGAACACCGCATTTGGTTTGTACGAACCATGCCACGGTTCTGCTCCAGATTTGCCAAAGAATAAGGTCAACCCTATCGCCACTATCTTGTCTGCTGCAATGATGTTGAAATTGTCATTGAACTTGCCTGAAGAAGGTAAGGCCATTGAAGATGCAGTTAAAAAGGTTTTGGATGCAGGTATCAGAACTGGTGATTTAGGTGGTTCCAACAGTACCACCGAAGTCGGTGATGCTGTCGCCGAAGAAGTTAAGAAAATCCTTGCTTAACCTGGAGGACCCTTCTCTTTAGACTATTCTACTCTTATGCACGTAAAAAATTCTAGGAAATATGTATTAACTAGGAGTAAAATAACCGGCTAGTGGCATTCATATAGCCGTCTGTTTACATCTACATCACACATTTCGAGTGTATATCTCGCAACGTTGGCGTTAAATAGGCAGATGATGAGACCAATGTCCTTAGGCAGTCGTCTGGATGTATTCAGAACGGCGCTAGGGATAACAGGGTAATTTTGTAAAAATTAAATTTCGG
ScNAT-marker,gene_cassette,Taken from open yeast collection,Direct,Yeast antibiotic selection marker - Nourseothricin Acetyltransferase,Local Sequence File,BBF10K_000472.gb,,yeast,False,True,0,
ScTRP1-marker,gene_cassette,Taken from open yeast collection,Direct,"Yeast selection marker, complements TRP1 auxotrophy",Local Sequence File,BBF10K_000473.gb,,yeast,False,True,0,
ScURA3-marker,gene_cassette,Taken from open yeast collection,Direct,"Yeast selection marker, complements URA3 auxotrophy",Local Sequence File,BBF10K_000474.gb,,yeast,False,True,0,
ScZeo-marker,gene_cassette,Taken from open yeast collection,Direct,Yeast antibiotic selection marker - Bleomycin resistance protein,Local Sequence File,BBF10K_000475.gb,,yeast,False,True,0,
OYC-bridge-AGAC-CGAA,engineered_region,Taken from open yeast collection,Direct,"Bridge for AGAC/CGAA, See design: https://docs.google.com/spreadsheets/d/1hhiKwaTJyWajH1fEUxZ_79DP4TRtlCBLvO6EtcqtxeY/edit?usp=sharing",Local Sequence File,BBF10K_000476.gb,,Species agnostic,False,True,0,
OYC-bridge-AGAC-GCAA,engineered_region,Taken from open yeast collection,Direct,"Bridge for AGAC/GCAA, See design: https://docs.google.com/spreadsheets/d/1hhiKwaTJyWajH1fEUxZ_79DP4TRtlCBLvO6EtcqtxeY/edit?usp=sharing",Local Sequence File,BBF10K_000477.gb,,Species agnostic,False,True,0,
OYC-bridge-CGAA-GCAA,engineered_region,Taken from open yeast collection,Direct,"Bridge for CGAA/GCAA, See design: https://docs.google.com/spreadsheets/d/1hhiKwaTJyWajH1fEUxZ_79DP4TRtlCBLvO6EtcqtxeY/edit?usp=sharing",,https://freegenes.github.io/genbank/BBF10K_000478.gb,,Species agnostic,False,True,2411,CGCTGAGGTGTCAATCGTCGGAGCCGCTGAGCAATAACTAGCATAACCCCTTGGGGCCTCTAAACGGGTCTTGAGGGGTTTTTTGCATGGTCATAGCTGTTTCCTGAGAGCTTGGCAGGTGATGACACACATTAACAAATTTCGTGAGGAGTCTCCAGAAGAATGCCATTAATTTCCATAGGCTCCGCCCCCCTGACGAGCATCACAAAAATCGACGCTCAAGTCAGAGGTGGCGAAACCCGACAGGACTATAAAGATACCAGGCGTTTCCCCCTGGAAGCTCCCTCGTGCGCTCTCCTGTTCCGACCCTGCCGCTTACCGGATACCTGTCCGCCTTTCTCCCTTCGGGAAGCGTGGCGCTTTCTCATAGCTCACGCTGTAGGTATCTCAGTTCGGTGTAGGTCGTTCGCTCCAAGCTGGGCTGTGTGCACGAACCCCCCGTTCAGCCCGACCGCTGCGCCTTATCCGGTAACTATCGTCTTGAGTCCAACCCGGTAAGACACGACTTATCGCCACTGGCAGCAGCCACTGGTAACAGGATTAGCAGAGCGAGGTATGTAGGCGGTGCTACAGAGTTCTTGAAGTGGTGGCCTAACTACGGCTACACTAGAAGAACAGTATTTGGTATCTGCGCTCTGCTGAAGCCAGTTACCTTCGGAAAAAGAGTTGGTAGCTCTTGATCCGGCAAACAAACCACCGCTGGTAGCGGTGGTTTTTTTGTTTGCAAGCAGCAGATTACGCGCAGAAAAAAAGGATCTCAAGAAGGCCTACTATTAGCAACAACGATCCTTTGATCTTTTCTACGGGGTCTGACGCTCAGTGGAACGAAAACTCACGTTAAGGGATTTTGGTCATGAGATTATCAAAAAGGATCTTCACCTAGATCCTTTTAAATTAAAAATGAAGTTTTAAATCAATCTAAAGTATATATGAGTAAACTTGGTCTGACAGTTACCAATGCTTAATCAGTGAGGCACCTATCTCAGCGATCTGTCTATTTCGTTCATCCATAGTTGCCTGACTCCCCGTCGTGTAGATAACTACGATACGGGAGGGCTTACCATCTGGCCCCAGTGCTGCAATGATACCGCGAGAACCACGCTCACCGGCTCCAGATTTATCAGCAATAAACCAGCCAGCCGGAAGGGCCGAGCGCAGAAGTGGTCCTGCAACTTTATCCGCCTCCATCCAGTCTATTAATTGTTGCCGGGAAGCTAGAGTAAGTAGTTCGCCAGTTAATAGTTTGCGCAACGTTGTTGCCATTGCTACAGGCATCGTGGTGTCACGCTCGTCGTTTGGTATGGCTTCATTCAGCTCCGGTTCCCAACGATCAAGGCGAGTTACATGATCCCCCATGTTGTGCAAAAAAGCGGTTAGCTCCTTCGGTCCTCCGATCGTTGTCAGAAGTAAGTTGGCCGCAGTGTTATCACTCATGGTTATGGCAGCACTGCATAATTCTCTTACTGTCATGCCATCCGTAAGATGCTTTTCTGTGACTGGTGAGTACTCAACCAAGTCATTCTGAGAATAGTGTATGCGGCGACCGAGTTGCTCTTGCCCGGCGTCAATACGGGATAATACCGCGCCACATAGCAGAACTTTAAAAGTGCTCATCATTGGAAAACGTTCTTCGGGGCGAAAACTCTCAAGGATCTTACCGCTGTTGAGATCCAGTTCGATGTAACCCACTCGTGCACCCAACTGATCTTCAGCATCTTTTACTTTCACCAGCGTTTCTGGGTGAGCAAAAACAGGAAGGCAAAATGCCGCAAAAAAGGGAATAAGGGCGACACGGAAATGTTGAATACTCATACTCTTCCTTTTTCAATATTATTGAAGCATTTATCAGGGTTATTGTCTCATGAGCGGATACATATTTGAATGTATTTAGAAAAATAAACAAATAGGGGTTCCGCGCACCTGCACCAGTCAGTAAAACGACGGCCAGTAGTCAAAAGCCTCCGACCGGAGGCTTTTGACTTGGTTCAGGTGGAGTGGGAGAAGAATTACTGACCCCTCGGGGTCTCACGAAAGATCCATCCTAGGACCCCGAACGGTACGAGACGTTAGTATACCGATAGGAGAATCCGCGTCCAGAGTACGAGTATTCATGTCTGTTTTATATCTATAAGTCACGAGAACGCAATGCGCTCTCGTCGCTAGTATCGCATTTTTCGCTGAGTACGGATGTTCAGGCAAGGAGACCGGGAGGATCACAAAGTCTACTCACCTTCGCCACATGTAGACTGATGCGGGATAATAAGCTACTCTAGGTCATGAAAGTGCATGCTGTCGAATTGGTCTGGCATGGATTCCACACTATAGGATACTACATTAAATTTCGCCGTGGCAAGACGGACACGGAAACTGGCTAGGGATAACAGGGTAATGATGTTCCACCAACAGAGGTG
OYC-CamR,gene_cassette,Taken from open yeast collection,Direct,E coli Resistance Marker,Local Sequence File,BBF10K_000479.gb,,Escherichia coli,False,True,0,
OYC-SpecR,gene_cassette,Taken from open yeast collection,Direct,E coli Resistance Marker,Local Sequence File,BBF10K_000480.gb,,Escherichia coli,False,True,0,
OYC-high-copy-origin,origin_of_replication,Taken from open yeast collection,Direct,E coli high copy origin,,https://freegenes.github.io/genbank/BBF10K_000481.gb,,Escherichia coli,False,True,2736,CGCTGAGGTGTCAATCGTCGGAGCCGCTGAGCAATAACTAGCATAACCCCTTGGGGCCTCTAAACGGGTCTTGAGGGGTTTTTTGCATGGTCATAGCTGTTTCCTGAGAGCTTGGCAGGTGATGACACACATTAACAAATTTCGTGAGGAGTCTCCAGAAGAATGCCATTAATTTCCATAGGCTCCGCCCCCCTGACGAGCATCACAAAAATCGACGCTCAAGTCAGAGGTGGCGAAACCCGACAGGACTATAAAGATACCAGGCGTTTCCCCCTGGAAGCTCCCTCGTGCGCTCTCCTGTTCCGACCCTGCCGCTTACCGGATACCTGTCCGCCTTTCTCCCTTCGGGAAGCGTGGCGCTTTCTCATAGCTCACGCTGTAGGTATCTCAGTTCGGTGTAGGTCGTTCGCTCCAAGCTGGGCTGTGTGCACGAACCCCCCGTTCAGCCCGACCGCTGCGCCTTATCCGGTAACTATCGTCTTGAGTCCAACCCGGTAAGACACGACTTATCGCCACTGGCAGCAGCCACTGGTAACAGGATTAGCAGAGCGAGGTATGTAGGCGGTGCTACAGAGTTCTTGAAGTGGTGGCCTAACTACGGCTACACTAGAAGAACAGTATTTGGTATCTGCGCTCTGCTGAAGCCAGTTACCTTCGGAAAAAGAGTTGGTAGCTCTTGATCCGGCAAACAAACCACCGCTGGTAGCGGTGGTTTTTTTGTTTGCAAGCAGCAGATTACGCGCAGAAAAAAAGGATCTCAAGAAGGCCTACTATTAGCAACAACGATCCTTTGATCTTTTCTACGGGGTCTGACGCTCAGTGGAACGAAAACTCACGTTAAGGGATTTTGGTCATGAGATTATCAAAAAGGATCTTCACCTAGATCCTTTTAAATTAAAAATGAAGTTTTAAATCAATCTAAAGTATATATGAGTAAACTTGGTCTGACAGTTACCAATGCTTAATCAGTGAGGCACCTATCTCAGCGATCTGTCTATTTCGTTCATCCATAGTTGCCTGACTCCCCGTCGTGTAGATAACTACGATACGGGAGGGCTTACCATCTGGCCCCAGTGCTGCAATGATACCGCGAGAACCACGCTCACCGGCTCCAGATTTATCAGCAATAAACCAGCCAGCCGGAAGGGCCGAGCGCAGAAGTGGTCCTGCAACTTTATCCGCCTCCATCCAGTCTATTAATTGTTGCCGGGAAGCTAGAGTAAGTAGTTCGCCAGTTAATAGTTTGCGCAACGTTGTTGCCATTGCTACAGGCATCGTGGTGTCACGCTCGTCGTTTGGTATGGCTTCATTCAGCTCCGGTTCCCAACGATCAAGGCGAGTTACATGATCCCCCATGTTGTGCAAAAAAGCGGTTAGCTCCTTCGGTCCTCCGATCGTTGTCAGAAGTAAGTTGGCCGCAGTGTTATCACTCATGGTTATGGCAGCACTGCATAATTCTCTTACTGTCATGCCATCCGTAAGATGCTTTTCTGTGACTGGTGAGTACTCAACCAAGTCATTCTGAGAATAGTGTATGCGGCGACCGAGTTGCTCTTGCCCGGCGTCAATACGGGATAATACCGCGCCACATAGCAGAACTTTAAAAGTGCTCATCATTGGAAAACGTTCTTCGGGGCGAAAACTCTCAAGGATCTTACCGCTGTTGAGATCCAGTTCGATGTAACCCACTCGTGCACCCAACTGATCTTCAGCATCTTTTACTTTCACCAGCGTTTCTGGGTGAGCAAAAACAGGAAGGCAAAATGCCGCAAAAAAGGGAATAAGGGCGACACGGAAATGTTGAATACTCATACTCTTCCTTTTTCAATATTATTGAAGCATTTATCAGGGTTATTGTCTCATGAGCGGATACATATTTGAATGTATTTAGAAAAATAAACAAATAGGGGTTCCGCGCACCTGCACCAGTCAGTAAAACGACGGCCAGTAGTCAAAAGCCTCCGACCGGAGGCTTTTGACTTGGTTCAGGTGGAGTGGGAGAAGAATTACTGACCCCTCGGGGTCTCAACTATTTCCATAGGCTCCGCCCCCCTGACGAGCATCACAAAAATCGACGCTCAAGTCAGAGGTGGCGAAACCCGACAGGACTATAAAGATACCAGGCGTTTCCCCCTGGAAGCTCCCTCGTGCGCTCTCCTGTTCCGACCCTGCCGCTTACCGGATACCTGTCCGCCTTTCTCCCTTCGGGAAGCGTGGCGCTTTCTCATAGCTCACGCTGTAGGTATCTCAGTTCGGTGTAGGTCGTTCGCTCCAAGCTGGGCTGTGTGCACGAACCCCCCGTTCAGCCCGACCGCTGCGCCTTATCCGGTAACTATCGTCTTGAGTCCAACCCGGTAAGACACGACTTATCGCCACTGGCAGCAGCCACTGGTAACAGGATTAGCAGAGCGAGGTATGTAGGCGGTGCTACAGAGTTCTTGAAGTGGTGGCCTAACTACGGCTACACTAGAAGAACAGTATTTGGTATCTGCGCTCTGCTGAAGCCAGTTACCTTCGGAAAAAGAGTTGGTAGCTCTTGATCCGGCAAACAAACCACCGCTGGTAGCGGTGGTTTTTTTGTTTGCAAGCAGCAGATTACGCGCAGAAAAAAAGGATCTCAACGCCAGGGTTTTCCCAGTCACGACAAAATGAGACCACGAGATGATGCACCGATAGCTTCGGCTGAGATACGATAATTAGGGATAACAGGGTAATATAGCTACACTGATCTAGGCT
OYC-eforRed-dropout,gene_cassette,Taken from open yeast collection,Direct,"eforRed selection cassette for level 1 vector, clones into backbone and used for colony selection following Level 1 assembly",Local Sequence File,BBF10K_000482.gb,,Escherichia coli,False,True,0,
pWV01-ori,origin_of_replication,Taken from open yeast collection,Direct,temperature sensitive E. coli origin of replication,Local Sequence File,BBF10K_000484.gb,,Escherichia coli,False,True,0,
