Collection Name,cell cell communication,,Blue = Do not change; Green = free text,,,,,,,,,
Authors,Daisuke Kiga and iGEM Waseda,,,,,,,,,,,
,,,,,,,,,,,,
Collection Description,,,,,,,,,,,,
"""cpmbat proven"" at iGEM Tokyo tech and Waseda ",,,,,,,,,,,,
,,,,,,,,,,,,
Example Data,,,,,,,,,,,,
J23101,Promoter,High consitutive promoter from Anderson library,,,iGEM registry,J23101,,Escherichia coli,True,False,0,
pRO1600,Engineered Region,Designed with a high GC content for higher melting points,,plasmid used to test promoter strength in  E coli,SEVA,pSEVA247Y,Aequorea victoria,Escherichia coli,True,True,1279,GTGAAAGGCAGGCCGGTCCGTGGTGGCCACGGCCTCTAGGCCAGATCCAGCGGCATCTGGGTTAGTCGAGCGCGGGCCGCTTCCCATGTCTCACCAGGGCGAGCCTGTTTCGCGATCTCAGCATCTGAAATCTTCCCGGCCTTGCGCTTCGCTGGGGCCTTACCCACCGCCTTGGCGGGCTTCTTCGGTCCAAAACTGAACAACAGATGTGTGACCTTGCGCCCGGTCTTTCGCTGCGCCCACTCCACCTGTAGCGGGCTGTGCTCGTTGATCTGCGTCACGGCTGGATCAAGCACTCGCAACTTGAAGTCCTTGATCGAGGGATACCGGCCTTCCAGTTGAAACCACTTTCGCAGCTGGTCAATTTCTATTTCGCGCTGGCCGATGCTGTCCCATTGCATGAGCAGCTCGTAAAGCCTGATCGCGTGGGTGCTGTCCATCTTGGCCACGTCAGCCAAGGCGTATTTGGTGAACTGTTTGGTGAGTTCCGTCAGGTACGGCAGCATGTCTTTGGTGAACCTGAGTTCTACACGGCCCTCACCCTCCCGGTAGATGATTGTTTGCACCCAGCCGGTAATCATCACACTCGGTCTTTTCCCCTTGCCATTGGGCTCTTGGGTTAACCGGACTTCCCGCCGTTTCAGGCGCAGGGCCGCTTCTTTGAGCTGGTTGTAGGAAGATTCGATAGGGACACCCGCCATCGTCGCTATGTCCTCCGCCGTCACTGAATACATCACTTCATCGGTGACAGGCTCGCTCCTCTTCACCTGGCTAATACAGGCCAGAACGATCCGCTGTTCCTGAACACTGAGGCGATACGCGGCCTCGACCAGGGCATTGCTTTTGTAAACCATTGGGGGTGAGGCCACGTTCGACATTCCTTGTGTATAAGGGGACACTGTATCTGCGTCCCACAATACAACAAATCCGTCCCTTTACAACAACAAATCCGTCCCTTCTTAACAACAAATCCGTCCCTTAATGGCAACAAATCCGTCCCTTTTTAAACTCTACAGGCCACGGATTACGTGGCCTGTAGACGTCCTAAAAGGTTTAAAAGGGAAAAGGAAGAAAAGGGTGGAAACGCAAAAAACGCACCACTACGTGGCCCCGTTGGGGCCGCATTTGTGCCCCTGAAGGGGCGGGGGAGGCGTCTGGGCAATCCCCGTTTTACCAGTCCCCTATCGCCGCCTGAGAGGGCGCAGGAAGCGAGTAATCAGGGTATCGAGGCGGATTCACCCTTGGCGTCCAACCAGCGGCACCAGCGGCGCCTGAGAGG
,,,,,,,,,,,,
,Blue text column headers are optional,,,,,,,,,,,
DNA Parts and Devices,Click on column headers for more information as to what to put into the column,,,,,,,,,,,
"Short and human friendly name for the part, e.g., ""GFP Reporter""",This is the role of the part according to the sequence ontology (see Ontology tab for full list). Select from the drop down menu or type have it validated.,Comments about design decisions. E.g. GC content or restriction sites removed,"If no changes were made use Direct, otherwise say changes that were made (can choose for drop down menu)",A description of how the part is meant to function and any information about the part that is not to do with how it was designed.,Where is the information about this part coming from? Provide a tag and e.g. AG for an Addgene plasmid. Tags found in the Source Sheet,Where is the information about this part coming from? Provide a te.g. 87906 for an Addgene plasmid. This is interpreted together with the column to the left,"Where is the genetic information coming from, e.g. gene taken from Aequorea victoria if available add in strain name too. This should match the scientific name for the txid in the next column","Where will the part be used, e.g. construct for use in Escherichia coli 98NK2. Where available include the strain name. This should match the scientific name for the txid in the next column","True if this is a final product to be produced, false if this is an intermediate stage being specified for compactness",Whether or not the part is circular. Select TRUE (circular) or FALSE (linear).,Automatically calculated length of the sequence pasted to the right. Use this column for checking there are no paste errors.,The series of ATGCs that make up the part. Spaces can be used within the sequence but no other characters.
Part Name,Role,Design Notes,Altered Sequence,Part Description,Data Source Prefix,Data Source ID,Source Organism,Target Organism,Final Product,Circular,length (bp),Sequence
pSB1C5,plasmid_vector,,,,Local Sequence File,pSB1C5,,Escherichia coli,False,True,0,
C0061,CDS,,,,iGEM registry,C0061,,,False,False,0,
C0062,CDS,,,,iGEM registry,C0062,,,False,False,0,
C0078,CDS,,,,iGEM registry,C0078,,,False,False,0,
C0179,CDS,,,,iGEM registry,C0179,,,False,False,0,
C0071,CDS,RhlR with LVA,,,iGEM registry,C0071,,,False,False,0,
C0171,CDS,RhlR no LVA,,,iGEM registry,C0171,,,False,False,0,
C0070,CDS,RhlI,,,iGEM registry,C0070,,,False,False,0,
K649000,promoter,,,,iGEM registry,K649000,,,False,False,0,
K934024,promoter,,,,iGEM registry,K934024,,,False,False,0,
R0062,promoter,,,,iGEM registry,R0062,,,False,False,0,
K1529300,promoter,RRhl(RL) low leak,,,iGEM registry,K1529300,,,False,False,0,
K1529310,promoter,RRhl(LR) strong activity,,,iGEM registry,K1529310,,,False,False,0,
R0051,promoter,,,,iGEM registry,R0051,,,False,False,0,
,,,,,,,,,False,False,0,
,,,,,,,,,False,False,0,
D1005,designed_sequence,Includes BsaI and fusion site,,L0 CDS 5' Flanking Region,iGEM registry,D1005,Synthetic,Escherichia coli,False,False,0,
D1006,designed_sequence,Includes BsaI and fusion site,,L0 CDS 3' Flanking Region,iGEM registry,D1006,Synthetic,Escherichia coli,False,False,0,
D1001,designed_sequence,Includes BsaI and fusion site,,L0 Promoter 5' Flanking Region,iGEM registry,D1001,Synthetic,Escherichia coli,False,False,0,
D1002,designed_sequence,Includes BsaI and fusion site,,L0 Promoter 3' Flanking Region,iGEM registry,D1002,Synthetic,Escherichia coli,False,False,0,
,,,,,,,,,False,False,0,
,,,,,,,,,False,False,0,
,,,,,,,,,False,False,0,
,,,,,,,,,False,False,0,
,,,,,,,,,,,,
,,,,,,,,,,,,
,,,,,,,,,,,,
,,,,,,,,,,,,
,,,,,,,,,,,,
,,,,,,,,,,,,
