Collection Name,E. coli Protein Expression Toolkit,,Blue = Do not change; Green = free text,,,,,,,,,
Authors,Open Bioeconomy Lab,,,,,,,,,,,
,,,,,,,,,,,,
Collection Description,,,,,,,,,,,,
"Use the DNA parts of the collection to assemble the expression plasmids for the protein of your choice, tailored to the resources present in your lab. The collection enables thousands of combinations for each gene of choice. Full power of the collection can be explored using pipetting robots. The collection is compatible with all the CDSs present in the Open Enzyme collections. (taken directly from https://stanford.freegenes.org/collections/igem-collection-2-0/products/expression-tookit)",,,,,,,,,,,,
,,,,,,,,,,,,
Example Data,,,,,,,,,,,,
J23101,Promoter,High consitutive promoter from Anderson library,,,iGEM registry,J23101,,Escherichia coli,False,False,0,
pRO1600,Engineered Region,Designed with a high GC content for higher melting points,,plasmid used to test promoter strength in  E coli,SEVA,pSEVA247Y,Aequorea victoria,Escherichia coli,True,True,1279,GTGAAAGGCAGGCCGGTCCGTGGTGGCCACGGCCTCTAGGCCAGATCCAGCGGCATCTGGGTTAGTCGAGCGCGGGCCGCTTCCCATGTCTCACCAGGGCGAGCCTGTTTCGCGATCTCAGCATCTGAAATCTTCCCGGCCTTGCGCTTCGCTGGGGCCTTACCCACCGCCTTGGCGGGCTTCTTCGGTCCAAAACTGAACAACAGATGTGTGACCTTGCGCCCGGTCTTTCGCTGCGCCCACTCCACCTGTAGCGGGCTGTGCTCGTTGATCTGCGTCACGGCTGGATCAAGCACTCGCAACTTGAAGTCCTTGATCGAGGGATACCGGCCTTCCAGTTGAAACCACTTTCGCAGCTGGTCAATTTCTATTTCGCGCTGGCCGATGCTGTCCCATTGCATGAGCAGCTCGTAAAGCCTGATCGCGTGGGTGCTGTCCATCTTGGCCACGTCAGCCAAGGCGTATTTGGTGAACTGTTTGGTGAGTTCCGTCAGGTACGGCAGCATGTCTTTGGTGAACCTGAGTTCTACACGGCCCTCACCCTCCCGGTAGATGATTGTTTGCACCCAGCCGGTAATCATCACACTCGGTCTTTTCCCCTTGCCATTGGGCTCTTGGGTTAACCGGACTTCCCGCCGTTTCAGGCGCAGGGCCGCTTCTTTGAGCTGGTTGTAGGAAGATTCGATAGGGACACCCGCCATCGTCGCTATGTCCTCCGCCGTCACTGAATACATCACTTCATCGGTGACAGGCTCGCTCCTCTTCACCTGGCTAATACAGGCCAGAACGATCCGCTGTTCCTGAACACTGAGGCGATACGCGGCCTCGACCAGGGCATTGCTTTTGTAAACCATTGGGGGTGAGGCCACGTTCGACATTCCTTGTGTATAAGGGGACACTGTATCTGCGTCCCACAATACAACAAATCCGTCCCTTTACAACAACAAATCCGTCCCTTCTTAACAACAAATCCGTCCCTTAATGGCAACAAATCCGTCCCTTTTTAAACTCTACAGGCCACGGATTACGTGGCCTGTAGACGTCCTAAAAGGTTTAAAAGGGAAAAGGAAGAAAAGGGTGGAAACGCAAAAAACGCACCACTACGTGGCCCCGTTGGGGCCGCATTTGTGCCCCTGAAGGGGCGGGGGAGGCGTCTGGGCAATCCCCGTTTTACCAGTCCCCTATCGCCGCCTGAGAGGGCGCAGGAAGCGAGTAATCAGGGTATCGAGGCGGATTCACCCTTGGCGTCCAACCAGCGGCACCAGCGGCGCCTGAGAGG
,,,,,,,,,,,,
,Blue text column headers are optional,,,,,,,,,,,
DNA Parts and Devices,Click on column headers for more information as to what to put into the column,,,,,,,,,,,
"Short and human friendly name for the part, e.g., ""GFP Reporter""",This is the role of the part according to the sequence ontology (see Ontology tab for full list). Select from the drop down menu or type have it validated.,Comments about design decisions. E.g. GC content or restriction sites removed,"If no changes were made use Direct, otherwise say changes that were made (can choose for drop down menu)",A description of how the part is meant to function and any information about the part that is not to do with how it was designed.,Where is the information about this part coming from? Provide a tag and e.g. AG for an Addgene plasmid. Tags found in the Source Sheet,Where is the information about this part coming from? Provide a te.g. 87906 for an Addgene plasmid. This is interpreted together with the column to the left,"Where is the genetic information coming from, e.g. gene taken from Aequorea victoria if available add in strain name too. This should match the scientific name for the txid in the next column","Where will the part be used, e.g. construct for use in Escherichia coli 98NK2. Where available include the strain name. This should match the scientific name for the txid in the next column","True if this is a final product to be produced, false if this is an intermediate stage being specified for compactness",Whether or not the part is circular. Select TRUE (circular) or FALSE (linear).,Automatically calculated length of the sequence pasted to the right. Use this column for checking there are no paste errors.,The series of ATGCs that make up the part. Spaces can be used within the sequence but no other characters.
Part Name,Role,Design Notes,Altered Sequence,Part Description,Data Source Prefix,Data Source ID,Source Organism,Target Organism,Final Product,Circular,length (bp),Sequence
meffBlue,CDS,Taken directly from E. coli Protein Expression Toolkit at FreeGenes,Direct,meffBlue,Local Sequence File,BBF10K_003332.gb,,Escherichia coli,False,True,0,
spisPink/spisCPBiobrickK1033925,CDS,Taken directly from E. coli Protein Expression Toolkit at FreeGenes,Direct,spisPink/spisCPBiobrickK1033925,Local Sequence File,BBF10K_003333.gb,,Escherichia coli,False,True,0,
sarcGFP,CDS,Taken directly from E. coli Protein Expression Toolkit at FreeGenes,Direct,sarcGFP,Local Sequence File,BBF10K_003356.gb,,Escherichia coli,False,True,0,
beta-galactosidase,CDS,Taken directly from E. coli Protein Expression Toolkit at FreeGenes,Direct,beta-galactosidase,Local Sequence File,BBF10K_003366.gb,,Escherichia coli,False,True,0,
AF_lacZ pDest,engineered_region,Taken directly from E. coli Protein Expression Toolkit at FreeGenes,Direct,AF_lacZ pDest,Local Sequence File,BBF10K_003373.gb,,Escherichia coli,False,True,0,
AE_lacZ pDest,engineered_region,Taken directly from E. coli Protein Expression Toolkit at FreeGenes,Direct,AE_lacZ pDest,Local Sequence File,BBF10K_003375.gb,,Escherichia coli,False,True,0,
AF_high copy (pUC) ori/KanR,engineered_region,Taken directly from E. coli Protein Expression Toolkit at FreeGenes,Direct,AF_high copy (pUC) ori/KanR,Local Sequence File,BBF10K_003376.gb,,Escherichia coli,False,True,0,
AB_T7,promoter,Taken directly from E. coli Protein Expression Toolkit at FreeGenes,Direct,AB_T7,Local Sequence File,BBF10K_003378.gb,,Escherichia coli,False,True,0,
AB_T7_lacO,promoter,Taken directly from E. coli Protein Expression Toolkit at FreeGenes,Direct,AB_T7_lacO,Local Sequence File,BBF10K_003379.gb,,Escherichia coli,False,True,0,
AB_pTac,promoter,Taken directly from E. coli Protein Expression Toolkit at FreeGenes,Direct,AB_pTac,Local Sequence File,BBF10K_003380.gb,,Escherichia coli,False,True,0,
BT1_BCD2,promoter,Taken directly from E. coli Protein Expression Toolkit at FreeGenes,Direct,BT1_BCD2,Local Sequence File,BBF10K_003384.gb,,Escherichia coli,False,True,0,
BT1_Riboj54_F1,engineered_region,Taken directly from E. coli Protein Expression Toolkit at FreeGenes,Direct,BT1_Riboj54_F1,Local Sequence File,BBF10K_003385.gb,,Escherichia coli,False,True,0,
BT1_Riboj_B34,engineered_region,Taken directly from E. coli Protein Expression Toolkit at FreeGenes,Direct,BT1_Riboj_B34,Local Sequence File,BBF10K_003386.gb,,Escherichia coli,False,True,0,
BT1_BCD12,engineered_region,Taken directly from E. coli Protein Expression Toolkit at FreeGenes,Direct,BT1_BCD12,Local Sequence File,BBF10K_003387.gb,,Escherichia coli,False,True,0,
BT1_BCD23,engineered_region,Taken directly from E. coli Protein Expression Toolkit at FreeGenes,Direct,BT1_BCD23,Local Sequence File,BBF10K_003388.gb,,Escherichia coli,False,True,0,
BT1_BCD2_His,engineered_region,Taken directly from E. coli Protein Expression Toolkit at FreeGenes,Direct,BT1_BCD2_His,Local Sequence File,BBF10K_003389.gb,,Escherichia coli,False,True,0,
BT1_RiboJ_B34_His,engineered_region,Taken directly from E. coli Protein Expression Toolkit at FreeGenes,Direct,BT1_RiboJ_B34_His,Local Sequence File,BBF10K_003390.gb,,Escherichia coli,False,True,0,
BT1_BCD2_DsbA,engineered_region,Taken directly from E. coli Protein Expression Toolkit at FreeGenes,Direct,BT1_BCD2_DsbA,Local Sequence File,BBF10K_003391.gb,,Escherichia coli,False,True,0,
BT1_BCD2_OmpT,engineered_region,Taken directly from E. coli Protein Expression Toolkit at FreeGenes,Direct,BT1_BCD2_OmpT,Local Sequence File,BBF10K_003392.gb,,Escherichia coli,False,True,0,
BT1_BCD2_pelB,engineered_region,Taken directly from E. coli Protein Expression Toolkit at FreeGenes,Direct,BT1_BCD2_pelB,Local Sequence File,BBF10K_003393.gb,,Escherichia coli,False,True,0,
T1T2_Calm,engineered_region,Taken directly from E. coli Protein Expression Toolkit at FreeGenes,Direct,T1T2_Calm,Local Sequence File,BBF10K_003395.gb,,Escherichia coli,False,True,0,
T1T2_CBD,engineered_region,Taken directly from E. coli Protein Expression Toolkit at FreeGenes,Direct,T1T2_CBD,Local Sequence File,BBF10K_003396.gb,,Escherichia coli,False,True,0,
T1T2_Cex,engineered_region,Taken directly from E. coli Protein Expression Toolkit at FreeGenes,Direct,T1T2_Cex,Local Sequence File,BBF10K_003397.gb,,Escherichia coli,False,True,0,
T1T2_MBP,engineered_region,Taken directly from E. coli Protein Expression Toolkit at FreeGenes,Direct,T1T2_MBP,Local Sequence File,BBF10K_003398.gb,,Escherichia coli,False,True,0,
T1T2_R5,engineered_region,Taken directly from E. coli Protein Expression Toolkit at FreeGenes,Direct,T1T2_R5,Local Sequence File,BBF10K_003399.gb,,Escherichia coli,False,True,0,
T1T2_GST,engineered_region,Taken directly from E. coli Protein Expression Toolkit at FreeGenes,Direct,T1T2_GST,Local Sequence File,BBF10K_003400.gb,,Escherichia coli,False,True,0,
T1T2_CipA,engineered_region,Taken directly from E. coli Protein Expression Toolkit at FreeGenes,Direct,T1T2_CipA,Local Sequence File,BBF10K_003401.gb,,Escherichia coli,False,True,0,
T1T2_S-Tag,engineered_region,Taken directly from E. coli Protein Expression Toolkit at FreeGenes,Direct,T1T2_S-Tag,Local Sequence File,BBF10K_003402.gb,,Escherichia coli,False,True,0,
T1T2_GB1,engineered_region,Taken directly from E. coli Protein Expression Toolkit at FreeGenes,Direct,T1T2_GB1,Local Sequence File,BBF10K_003403.gb,,Escherichia coli,False,True,0,
T1T2_GS flexible,engineered_region,Taken directly from E. coli Protein Expression Toolkit at FreeGenes,Direct,T1T2_GS flexible,Local Sequence File,BBF10K_003404.gb,,Escherichia coli,False,True,0,
T1T3_GS flexible,engineered_region,Taken directly from E. coli Protein Expression Toolkit at FreeGenes,Direct,T1T3_GS flexible,Local Sequence File,BBF10K_003405.gb,,Escherichia coli,False,True,0,
T1C_GS flexible,engineered_region,Taken directly from E. coli Protein Expression Toolkit at FreeGenes,Direct,T1C_GS flexible,Local Sequence File,BBF10K_003406.gb,,Escherichia coli,False,True,0,
T1C_His_TEVcut,engineered_region,Taken directly from E. coli Protein Expression Toolkit at FreeGenes,Direct,T1C_His_TEVcut,Local Sequence File,BBF10K_003407.gb,,Escherichia coli,False,True,0,
BT2_BCD2_His,engineered_region,Taken directly from E. coli Protein Expression Toolkit at FreeGenes,Direct,BT2_BCD2_His,Local Sequence File,BBF10K_003408.gb,,Escherichia coli,False,True,0,
BT2_RiboJ_B34,engineered_region,Taken directly from E. coli Protein Expression Toolkit at FreeGenes,Direct,BT2_RiboJ_B34,Local Sequence File,BBF10K_003409.gb,,Escherichia coli,False,True,0,
BC_B0034,engineered_region,Taken directly from E. coli Protein Expression Toolkit at FreeGenes,Direct,BC_B0034,Local Sequence File,BBF10K_003410.gb,,Escherichia coli,False,True,0,
BC_B0032,ribosome_entry_site,Taken directly from E. coli Protein Expression Toolkit at FreeGenes,Direct,BC_B0032,Local Sequence File,BBF10K_003411.gb,,Escherichia coli,False,True,0,
BC_RiboJ_RBS64,ribosome_entry_site,Taken directly from E. coli Protein Expression Toolkit at FreeGenes,Direct,BC_RiboJ_RBS64,Local Sequence File,BBF10K_003412.gb,,Escherichia coli,False,True,0,
BC_RiboJ_B34,ribosome_entry_site,Taken directly from E. coli Protein Expression Toolkit at FreeGenes,Direct,BC_RiboJ_B34,Local Sequence File,BBF10K_003413.gb,,Escherichia coli,False,True,0,
BC_BCD23,ribosome_entry_site,Taken directly from E. coli Protein Expression Toolkit at FreeGenes,Direct,BC_BCD23,Local Sequence File,BBF10K_003414.gb,,Escherichia coli,False,True,0,
BC_BCD12,ribosome_entry_site,Taken directly from E. coli Protein Expression Toolkit at FreeGenes,Direct,BC_BCD12,Local Sequence File,BBF10K_003415.gb,,Escherichia coli,False,True,0,
BC_BCD2,ribosome_entry_site,Taken directly from E. coli Protein Expression Toolkit at FreeGenes,Direct,BC_BCD2,Local Sequence File,BBF10K_003416.gb,,Escherichia coli,False,True,0,
T2C_GS flexible,ribosome_entry_site,Taken directly from E. coli Protein Expression Toolkit at FreeGenes,Direct,T2C_GS flexible,Local Sequence File,BBF10K_003417.gb,,Escherichia coli,False,True,0,
T2C_TEVcut,engineered_region,Taken directly from E. coli Protein Expression Toolkit at FreeGenes,Direct,T2C_TEVcut,Local Sequence File,BBF10K_003418.gb,,Escherichia coli,False,True,0,
BC_BCD2_His_TEVcut,engineered_region,Taken directly from E. coli Protein Expression Toolkit at FreeGenes,Direct,BC_BCD2_His_TEVcut,Local Sequence File,BBF10K_003419.gb,,Escherichia coli,False,True,0,
BC_BCD2_His_fuGFP_TEVcut,ribosome_entry_site,Taken directly from E. coli Protein Expression Toolkit at FreeGenes,Direct,BC_BCD2_His_fuGFP_TEVcut,Local Sequence File,BBF10K_003420.gb,,Escherichia coli,False,True,0,
T2T3_int_∆I,ribosome_entry_site,Taken directly from E. coli Protein Expression Toolkit at FreeGenes,Direct,T2T3_int_∆I,Local Sequence File,BBF10K_003421.gb,,Escherichia coli,False,True,0,
T2T3_SUMO,engineered_region,Taken directly from E. coli Protein Expression Toolkit at FreeGenes,Direct,T2T3_SUMO,Local Sequence File,BBF10K_003422.gb,,Escherichia coli,False,True,0,
T2T3_fuGFP,engineered_region,Taken directly from E. coli Protein Expression Toolkit at FreeGenes,Direct,T2T3_fuGFP,Local Sequence File,BBF10K_003423.gb,,Escherichia coli,False,True,0,
T2T3_AmilCP,engineered_region,Taken directly from E. coli Protein Expression Toolkit at FreeGenes,Direct,T2T3_AmilCP,Local Sequence File,BBF10K_003424.gb,,Escherichia coli,False,True,0,
T2T3_GS flexible,engineered_region,Taken directly from E. coli Protein Expression Toolkit at FreeGenes,Direct,T2T3_GS flexible,Local Sequence File,BBF10K_003425.gb,,Escherichia coli,False,True,0,
T3C_SUMO,engineered_region,Taken directly from E. coli Protein Expression Toolkit at FreeGenes,Direct,T3C_SUMO,Local Sequence File,BBF10K_003426.gb,,Escherichia coli,False,True,0,
T3C_TEV,engineered_region,Taken directly from E. coli Protein Expression Toolkit at FreeGenes,Direct,T3C_TEV,Local Sequence File,BBF10K_003427.gb,,Escherichia coli,False,True,0,
T3C_int_∆I,engineered_region,Taken directly from E. coli Protein Expression Toolkit at FreeGenes,Direct,T3C_int_∆I,Local Sequence File,BBF10K_003428.gb,,Escherichia coli,False,True,0,
T3C_fuGFP,engineered_region,Taken directly from E. coli Protein Expression Toolkit at FreeGenes,Direct,T3C_fuGFP,Local Sequence File,BBF10K_003429.gb,,Escherichia coli,False,True,0,
T3C_GS flexible linker,engineered_region,Taken directly from E. coli Protein Expression Toolkit at FreeGenes,Direct,T3C_GS flexible linker,Local Sequence File,BBF10K_003430.gb,,Escherichia coli,False,True,0,
CD_OMMLV,engineered_region,Taken directly from E. coli Protein Expression Toolkit at FreeGenes,Direct,CD_OMMLV,Local Sequence File,BBF10K_003431.gb,,Escherichia coli,False,True,0,
CD_HIVRT,engineered_region,Taken directly from E. coli Protein Expression Toolkit at FreeGenes,Direct,CD_HIVRT,Local Sequence File,BBF10K_003432.gb,,Escherichia coli,False,True,0,
CD_Bst-LF,engineered_region,Taken directly from E. coli Protein Expression Toolkit at FreeGenes,Direct,CD_Bst-LF,Local Sequence File,BBF10K_003433.gb,,Escherichia coli,False,True,0,
CD_OpenVent,engineered_region,Taken directly from E. coli Protein Expression Toolkit at FreeGenes,Direct,CD_OpenVent,Local Sequence File,BBF10K_003434.gb,,Escherichia coli,False,True,0,
CD_RNAseInhibitor,engineered_region,Taken directly from E. coli Protein Expression Toolkit at FreeGenes,Direct,CD_RNAseInhibitor,Local Sequence File,BBF10K_003436.gb,,Escherichia coli,False,True,0,
CD_gp32,engineered_region,Taken directly from E. coli Protein Expression Toolkit at FreeGenes,Direct,CD_gp32,Local Sequence File,BBF10K_003437.gb,,Escherichia coli,False,True,0,
CD_BsuLF,engineered_region,Taken directly from E. coli Protein Expression Toolkit at FreeGenes,Direct,CD_BsuLF,Local Sequence File,BBF10K_003438.gb,,Escherichia coli,False,True,0,
CD_UvsY,engineered_region,Taken directly from E. coli Protein Expression Toolkit at FreeGenes,Direct,CD_UvsY,Local Sequence File,BBF10K_003439.gb,,Escherichia coli,False,True,0,
CD_UvsX,engineered_region,Taken directly from E. coli Protein Expression Toolkit at FreeGenes,Direct,CD_UvsX,Local Sequence File,BBF10K_003440.gb,,Escherichia coli,False,True,0,
CE_T7RNApol_Stop,engineered_region,Taken directly from E. coli Protein Expression Toolkit at FreeGenes,Direct,CE_T7RNApol_Stop,Local Sequence File,BBF10K_003441.gb,,Escherichia coli,False,True,0,
CD_PBCV-1_ligase,CDS,Taken directly from E. coli Protein Expression Toolkit at FreeGenes,Direct,CD_PBCV-1_ligase,Local Sequence File,BBF10K_003442.gb,,Escherichia coli,False,True,0,
CD_HRP,engineered_region,Taken directly from E. coli Protein Expression Toolkit at FreeGenes,Direct,CD_HRP,Local Sequence File,BBF10K_003443.gb,,Escherichia coli,False,True,0,
CD_TEV_protease,engineered_region,Taken directly from E. coli Protein Expression Toolkit at FreeGenes,Direct,CD_TEV_protease,Local Sequence File,BBF10K_003444.gb,,Escherichia coli,False,True,0,
CD_SUMO_protease,engineered_region,Taken directly from E. coli Protein Expression Toolkit at FreeGenes,Direct,CD_SUMO_protease,Local Sequence File,BBF10K_003445.gb,,Escherichia coli,False,True,0,
CD_Calmodulin,engineered_region,Taken directly from E. coli Protein Expression Toolkit at FreeGenes,Direct,CD_Calmodulin,Local Sequence File,BBF10K_003446.gb,,Escherichia coli,False,True,0,
CD_fuGFP,engineered_region,Taken directly from E. coli Protein Expression Toolkit at FreeGenes,Direct,CD_fuGFP,Local Sequence File,BBF10K_003447.gb,,Escherichia coli,False,True,0,
CD_AmilCP,engineered_region,Taken directly from E. coli Protein Expression Toolkit at FreeGenes,Direct,CD_AmilCP,Local Sequence File,BBF10K_003448.gb,,Escherichia coli,False,True,0,
CD_TthRNAseH,engineered_region,Taken directly from E. coli Protein Expression Toolkit at FreeGenes,Direct,CD_TthRNAseH,Local Sequence File,BBF10K_003449.gb,,Escherichia coli,False,True,0,
CD_EcRNAseH,engineered_region,Taken directly from E. coli Protein Expression Toolkit at FreeGenes,Direct,CD_EcRNAseH,Local Sequence File,BBF10K_003450.gb,,Escherichia coli,False,True,0,
DT4_Int_SaltS,engineered_region,Taken directly from E. coli Protein Expression Toolkit at FreeGenes,Direct,DT4_Int_SaltS,Local Sequence File,BBF10K_003451.gb,,Escherichia coli,False,True,0,
DT4_Int_ThiolS,engineered_region,Taken directly from E. coli Protein Expression Toolkit at FreeGenes,Direct,DT4_Int_ThiolS,Local Sequence File,BBF10K_003452.gb,,Escherichia coli,False,True,0,
DT4_TEV,engineered_region,Taken directly from E. coli Protein Expression Toolkit at FreeGenes,Direct,DT4_TEV,Local Sequence File,BBF10K_003453.gb,,Escherichia coli,False,True,0,
DT4_fuGFP,engineered_region,Taken directly from E. coli Protein Expression Toolkit at FreeGenes,Direct,DT4_fuGFP,Local Sequence File,BBF10K_003454.gb,,Escherichia coli,False,True,0,
DT4_GS flexible linker,engineered_region,Taken directly from E. coli Protein Expression Toolkit at FreeGenes,Direct,DT4_GS flexible linker,Local Sequence File,BBF10K_003455.gb,,Escherichia coli,False,True,0,
DT5_TEVcut,engineered_region,Taken directly from E. coli Protein Expression Toolkit at FreeGenes,Direct,DT5_TEVcut,Local Sequence File,BBF10K_003457.gb,,Escherichia coli,False,True,0,
DF_TEVcut_His_Stop_TZ,engineered_region,Taken directly from E. coli Protein Expression Toolkit at FreeGenes,Direct,DF_TEVcut_His_Stop_TZ,Local Sequence File,BBF10K_003459.gb,,Escherichia coli,False,True,0,
DF_TEVcut_fuGFP_His_Stop_TZ,engineered_region,Taken directly from E. coli Protein Expression Toolkit at FreeGenes,Direct,DF_TEVcut_fuGFP_His_Stop_TZ,Local Sequence File,BBF10K_003460.gb,,Escherichia coli,False,True,0,
T4T5_Int_ThiolS,engineered_region,Taken directly from E. coli Protein Expression Toolkit at FreeGenes,Direct,T4T5_Int_ThiolS,Local Sequence File,BBF10K_003461.gb,,Escherichia coli,False,True,0,
T4T5_Int_SaltS,engineered_region,Taken directly from E. coli Protein Expression Toolkit at FreeGenes,Direct,T4T5_Int_SaltS,Local Sequence File,BBF10K_003462.gb,,Escherichia coli,False,True,0,
T4T5_AmilCP,engineered_region,Taken directly from E. coli Protein Expression Toolkit at FreeGenes,Direct,T4T5_AmilCP,Local Sequence File,BBF10K_003463.gb,,Escherichia coli,False,True,0,
T4T5_fuGFP,engineered_region,Taken directly from E. coli Protein Expression Toolkit at FreeGenes,Direct,T4T5_fuGFP,Local Sequence File,BBF10K_003464.gb,,Escherichia coli,False,True,0,
T4T5_GS flexible,engineered_region,Taken directly from E. coli Protein Expression Toolkit at FreeGenes,Direct,T4T5_GS flexible,Local Sequence File,BBF10K_003465.gb,,Escherichia coli,False,True,0,
T4E_3xStop,engineered_region,Taken directly from E. coli Protein Expression Toolkit at FreeGenes,Direct,T4E_3xStop,Local Sequence File,BBF10K_003466.gb,,Escherichia coli,False,True,0,
T5E_6H,engineered_region,Taken directly from E. coli Protein Expression Toolkit at FreeGenes,Direct,T5E_6H,Local Sequence File,BBF10K_003467.gb,,Escherichia coli,False,True,0,
T5E_Calm,engineered_region,Taken directly from E. coli Protein Expression Toolkit at FreeGenes,Direct,T5E_Calm,Local Sequence File,BBF10K_003468.gb,,Escherichia coli,False,True,0,
T5E_CBD,engineered_region,Taken directly from E. coli Protein Expression Toolkit at FreeGenes,Direct,T5E_CBD,Local Sequence File,BBF10K_003469.gb,,Escherichia coli,False,True,0,
T5E_Cex,engineered_region,Taken directly from E. coli Protein Expression Toolkit at FreeGenes,Direct,T5E_Cex,Local Sequence File,BBF10K_003470.gb,,Escherichia coli,False,True,0,
T5E_MBP,engineered_region,Taken directly from E. coli Protein Expression Toolkit at FreeGenes,Direct,T5E_MBP,Local Sequence File,BBF10K_003471.gb,,Escherichia coli,False,True,0,
T5E_R5,engineered_region,Taken directly from E. coli Protein Expression Toolkit at FreeGenes,Direct,T5E_R5,Local Sequence File,BBF10K_003472.gb,,Escherichia coli,False,True,0,
T5E_CipA,engineered_region,Taken directly from E. coli Protein Expression Toolkit at FreeGenes,Direct,T5E_CipA,Local Sequence File,BBF10K_003473.gb,,Escherichia coli,False,True,0,
T5E_3xStop,engineered_region,Taken directly from E. coli Protein Expression Toolkit at FreeGenes,Direct,T5E_3xStop,Local Sequence File,BBF10K_003474.gb,,Escherichia coli,False,True,0,
EF_ECK9600,engineered_region,Taken directly from E. coli Protein Expression Toolkit at FreeGenes,Direct,EF_ECK9600,Local Sequence File,BBF10K_003475.gb,,Escherichia coli,False,True,0,
EF_T7term,terminator,Taken directly from E. coli Protein Expression Toolkit at FreeGenes,Direct,EF_T7term,Local Sequence File,BBF10K_003476.gb,,Escherichia coli,False,True,0,
EF_TZ,terminator,Taken directly from E. coli Protein Expression Toolkit at FreeGenes,Direct,EF_TZ,Local Sequence File,BBF10K_003477.gb,,Escherichia coli,False,True,0,
,,,,,,,,,False,False,0,
,,,,,,,,,False,False,0,
,,,,,,,,,False,False,0,
,,,,,,,,,False,False,0,
,,,,,,,,,False,False,0,
,,,,,,,,,False,False,0,
,,,,,,,,,False,False,0,
,,,,,,,,,False,False,0,
,,,,,,,,,False,False,0,
,,,,,,,,,False,False,0,
,,,,,,,,,False,False,0,
,,,,,,,,,False,False,0,
,,,,,,,,,False,False,0,
,,,,,,,,,False,False,0,
,,,,,,,,,False,False,0,
,,,,,,,,,False,False,0,
,,,,,,,,,False,False,0,
,,,,,,,,,False,False,0,
,,,,,,,,,False,False,0,
,,,,,,,,,False,False,0,
,,,,,,,,,False,False,0,
,,,,,,,,,False,False,0,
,,,,,,,,,False,False,0,
,,,,,,,,,False,False,0,
,,,,,,,,,False,False,0,
,,,,,,,,,False,False,0,
,,,,,,,,,False,False,0,
,,,,,,,,,False,False,0,
,,,,,,,,,False,False,0,
,,,,,,,,,False,False,0,
,,,,,,,,,False,False,0,
,,,,,,,,,False,False,0,
,,,,,,,,,False,False,0,
,,,,,,,,,False,False,0,
,,,,,,,,,False,False,0,
,,,,,,,,,False,False,0,
